Handle,Title,Body (HTML),Vendor,Type,Tags,Published,Option1 Name,Option1 Value,Option2 Name,Option2 Value,Option3 Name,Option3 Value,Variant SKU,Variant Grams,Variant Inventory Tracker,Variant Inventory Qty,Variant Inventory Policy,Variant Fulfillment Service,Variant Price,Variant Compare At Price,Variant Requires Shipping,Variant Taxable,Variant Barcode,Image Src,Image Position,Image Alt Text,Gift Card,SEO Title,SEO Description,Google Shopping / Google Product Category,Google Shopping / Gender,Google Shopping / Age Group,Google Shopping / MPN,Google Shopping / AdWords Grouping,Google Shopping / AdWords Labels,Google Shopping / Condition,Google Shopping / Custom Product,Google Shopping / Custom Label 0,Google Shopping / Custom Label 1,Google Shopping / Custom Label 2,Google Shopping / Custom Label 3,Google Shopping / Custom Label 4,Variant Image,Variant Weight Unit,Variant Tax Code
travel-headphones,Travel Headphones,"<p><span>Listen to your music all day, without interruption. Stream wirelessly with a BLUETOOTH connection and a long-lasting battery life of up to 20 hours.</span></p>
<ul>
<li>Wireless BLUETOOTH streaming with NFC</li>
<li>Compact 30mm driver unit</li>
<li>Up to 20 hours of playback time</li>
<li>Easy hands-free calling</li>
<li>Swivel design for easy travel</li>
</ul>
<p><em>This is a demonstration store. You can purchase this product at <a href=""https://www.sony.com"" target=""_blank"" title=""Sony"" rel=""noopener noreferrer"">Sony</a>.</em></p>",Sony,Headphones,"Headband, Wireless",true,Color,Gray,,,,,"",850,,1,deny,manual,99.00,129.00,true,true,"",https://cdn.shopify.com/s/files/1/0029/5367/4822/products/1_dce2c0cd-d384-4afb-890f-63649c308938.jpg?v=1534863891,1,,false,,,,,,,,,,,,,,,,https://cdn.shopify.com/s/files/1/0029/5367/4822/products/1_dce2c0cd-d384-4afb-890f-63649c308938.jpg?v=1534863891,kg,
travel-headphones,,,,,,,,Blue,,,,,"",850,shopify,0,deny,manual,129.00,,true,true,"",https://cdn.shopify.com/s/files/1/0029/5367/4822/products/2_0706ba03-2825-4c54-8491-b056face3fc3.jpg?v=1534863893,2,,,,,,,,,,,,,,,,,,https://cdn.shopify.com/s/files/1/0029/5367/4822/products/2_0706ba03-2825-4c54-8491-b056face3fc3.jpg?v=1534863893,kg,
travel-headphones,,,,,,,,Black,,,,,"",850,,0,deny,manual,129.00,,true,true,"",https://cdn.shopify.com/s/files/1/0029/5367/4822/products/3_6b9847be-d1ff-4bbe-ba4b-38f61ddbfc32.jpg?v=1534863896,3,,,,,,,,,,,,,,,,,,https://cdn.shopify.com/s/files/1/0029/5367/4822/products/3_6b9847be-d1ff-4bbe-ba4b-38f61ddbfc32.jpg?v=1534863896,kg,
travel-headphones,,,,,,,,,,,,,,,,,,,,,,,,https://cdn.shopify.com/s/files/1/0029/5367/4822/products/4_4fa319f7-b71b-492e-8a42-bf039da1438b.jpg?v=1534863899,4,,,,,,,,,,,,,,,,,,,,
noise-cancelling-headphones,Noise Cancelling Headphones,"<p><span>The WH-CH700N Headphones are made for long listening on the move. AINC adjusts to your environment so you can eliminate unwanted noise as you travel.</span></p>
<ul>
<li>Noise cancellation adjusts to your environment</li>
<li>Wireless BLUETOOTH streaming</li>
<li>Long lasting listening with up to 35 hours</li>
<li>Hear more detail with 40mm Driver Unit</li>
<li>Smartphone compatibility for hands free calls</li>
</ul>
<p><em>This is a demonstration store. You can purchase this product at <a href=""https://www.sony.com"" target=""_blank"" title=""Sony"" rel=""noopener noreferrer"">Sony</a>.</em></p>",Sony,Headphones,"Headband, Wireless",true,Color,Blue,,,,,"",2700,,1,deny,manual,239.00,,true,true,"",https://cdn.shopify.com/s/files/1/0029/5367/4822/products/1_98192886-e3ce-4b98-b796-248a43a942e5.jpg?v=1534863494,1,,false,,,,,,,,,,,,,,,,https://cdn.shopify.com/s/files/1/0029/5367/4822/products/1_98192886-e3ce-4b98-b796-248a43a942e5.jpg?v=1534863494,kg,
noise-cancelling-headphones,,,,,,,,Gray,,,,,"",2700,,0,deny,manual,239.00,,true,true,"",https://cdn.shopify.com/s/files/1/0029/5367/4822/products/2_f8ce67fd-19f9-45cf-8099-878dcc04cd0b.jpg?v=1534863497,2,,,,,,,,,,,,,,,,,,https://cdn.shopify.com/s/files/1/0029/5367/4822/products/2_f8ce67fd-19f9-45cf-8099-878dcc04cd0b.jpg?v=1534863497,kg,
noise-cancelling-headphones,,,,,,,,Black,,,,,"",2700,,0,deny,manual,239.00,,true,true,"",https://cdn.shopify.com/s/files/1/0029/5367/4822/products/3_4a4b5710-919d-446e-bcbb-c8b126a805df.jpg?v=1534863500,3,,,,,,,,,,,,,,,,,,https://cdn.shopify.com/s/files/1/0029/5367/4822/products/3_4a4b5710-919d-446e-bcbb-c8b126a805df.jpg?v=1534863500,kg,
noise-cancelling-headphones,,,,,,,,,,,,,,,,,,,,,,,,https://cdn.shopify.com/s/files/1/0029/5367/4822/products/4_2d59130a-b84d-42d1-9f8f-31044674e385.jpg?v=1534863503,4,,,,,,,,,,,,,,,,,,,,
bluetooth-headphones,Bluetooth Headphones,"<p><span>Explore your favourite tracks in new depth with EXTRA BASS and listen wirelessly over Bluetooth wireless technology for up to 18 hours.</span></p>
<ul>
<li>EXTRA BASS for deep, punchy sound</li>
<li>High quality audio with Bluetooth wireless technology</li>
<li>Optimise your sound settings with Sony Connect app</li>
<li>18 hours of battery life3</li>
<li>USB rechargeable, cable included</li>
</ul>
<p><em>This is a demonstration store. You can purchase this product at <a href=""https://www.sony.com"" target=""_blank"" title=""Sony"" rel=""noopener noreferrer"">Sony</a>.</em></p>",Sony,Headphones,"Extra Bass, Headband, High Resolution Audio, Wireless",true,Color,Black,,,,,"",900,,1,deny,manual,269.00,,true,true,"",https://cdn.shopify.com/s/files/1/0029/5367/4822/products/1_073859ba-b51a-4104-8be4-d6aee425b6b5.jpg?v=1534863269,1,,false,,,,,,,,,,,,,,,,https://cdn.shopify.com/s/files/1/0029/5367/4822/products/1_073859ba-b51a-4104-8be4-d6aee425b6b5.jpg?v=1534863269,kg,
bluetooth-headphones,,,,,,,,Blue,,,,,"",900,,0,deny,manual,269.00,,true,true,"",https://cdn.shopify.com/s/files/1/0029/5367/4822/products/2_c5ccc7e0-6485-4e44-8acf-65d17140ed01.jpg?v=1534863274,2,,,,,,,,,,,,,,,,,,https://cdn.shopify.com/s/files/1/0029/5367/4822/products/4_3bc87364-3da6-4c94-9c4b-49ba10afe87c.jpg?v=1534863279,kg,
bluetooth-headphones,,,,,,,,Red,,,,,"",900,,0,deny,manual,269.00,,true,true,"",https://cdn.shopify.com/s/files/1/0029/5367/4822/products/3_328bfeb3-80fe-4f14-9324-26c316a427d3.jpg?v=1534863277,3,,,,,,,,,,,,,,,,,,https://cdn.shopify.com/s/files/1/0029/5367/4822/products/5_4489047d-19b7-4b56-9473-b9250f84c33d.jpg?v=1534863282,kg,
bluetooth-headphones,,,,,,,,,,,,,,,,,,,,,,,,https://cdn.shopify.com/s/files/1/0029/5367/4822/products/4_3bc87364-3da6-4c94-9c4b-49ba10afe87c.jpg?v=1534863279,4,,,,,,,,,,,,,,,,,,,,
bluetooth-headphones,,,,,,,,,,,,,,,,,,,,,,,,https://cdn.shopify.com/s/files/1/0029/5367/4822/products/5_4489047d-19b7-4b56-9473-b9250f84c33d.jpg?v=1534863282,5,,,,,,,,,,,,,,,,,,,,
high-power-home-audio-system,High Power Home Audio System,"<p><span>Give your bass-heavy beats the power they deserve. With LED speaker lighting and DJ effects, you can bring home an authentic club-style experience.</span></p>
<ul>
<li>New Sound Pressure Horn for powerful bass</li>
<li>DSEE upscaling restores quality to compressed files</li>
<li>Great sounding music in one step with ClearAudio+</li>
<li>Easy Bluetooth connectivity with NFC One-touch</li>
<li>LED light display and DJ effects creates a party atmosphere</li>
</ul>
<p><em>This is a demonstration store. You can purchase this product at <a href=""https://www.sony.com"" target=""_blank"" title=""Sony"" rel=""noopener noreferrer"">Sony</a>.</em></p>",Sony,Audio Systems,"360° Sound, Extra Bass",true,Title,Default Title,,,,,"",9000,shopify,0,deny,manual,999.00,,true,true,"",https://cdn.shopify.com/s/files/1/0029/5367/4822/products/1_20e86dde-2b2b-4ac6-abb9-575183e8530e.jpg?v=1534862879,1,,false,,,,,,,,,,,,,,,,,kg,
high-power-home-audio-system,,,,,,,,,,,,,,,,,,,,,,,,https://cdn.shopify.com/s/files/1/0029/5367/4822/products/2_5668ee33-43c0-49f1-a651-9045e8a1b023.jpg?v=1534862882,2,,,,,,,,,,,,,,,,,,,,
high-power-home-audio-system,,,,,,,,,,,,,,,,,,,,,,,,https://cdn.shopify.com/s/files/1/0029/5367/4822/products/3_53f00bc9-54d8-4889-a8af-1c5bef305953.jpg?v=1534862884,3,,,,,,,,,,,,,,,,,,,,
home-audio-system,Home Audio System,"<p><span>Whether you’re having a party or simply blasting your favourite tracks, you’ll feel every beat. It features a two-way speaker system which delivers powerful and resounding bass lines.</span></p>
<ul>
<li>New Sound Pressure Horn for powerful bass</li>
<li>LED light display and DJ effects creates a party atmosphere</li>
<li>DSEE upscaling restores quality to compressed files</li>
<li>Great sounding music in one step with ClearAudio+</li>
<li>Easy Bluetooth connectivity with NFC One-touch</li>
</ul>
<p><em>This is a demonstration store. You can purchase this product at <a href=""https://www.sony.com"" target=""_blank"" title=""Sony"" rel=""noopener noreferrer"">Sony</a>.</em></p>",Sony,Audio Systems,"Extra Bass, High Resolution Audio, Karaoke",true,Title,Default Title,,,,,"",7000,,1,deny,manual,899.00,,true,true,"",https://cdn.shopify.com/s/files/1/0029/5367/4822/products/1_e324508e-733c-4eac-91f6-b4767de9c613.jpg?v=1534862573,1,,false,,,,,,,,,,,,,,,,,kg,
home-audio-system,,,,,,,,,,,,,,,,,,,,,,,,https://cdn.shopify.com/s/files/1/0029/5367/4822/products/2_6decc263-2e99-495b-b6c8-3f2e26b93033.jpg?v=1534862575,2,,,,,,,,,,,,,,,,,,,,
home-audio-system,,,,,,,,,,,,,,,,,,,,,,,,https://cdn.shopify.com/s/files/1/0029/5367/4822/products/3_bb93338e-28e8-4251-b1c7-49fa3ecc1e24.jpg?v=1534862577,3,,,,,,,,,,,,,,,,,,,,
party-audio-system,Party Audio System,"<p><span>Make your party fun for everyone with the MHC-V90DW home audio system. Turn on the built-in lights to complete the party sounds.</span></p>
<ul>
<li>170cm tall speaker stack for spread-out sound</li>
<li>Party lighting, speaker lighting and DJ effects</li>
<li>Integrated DVD player with HDMI out</li>
<li>Gesture control and motion control</li>
<li>Handle and caster for convenient transport</li>
</ul>
<p><em>This is a demonstration store. You can purchase this product at <a href=""https://www.sony.com"" target=""_blank"" title=""Sony"" rel=""noopener noreferrer"">Sony</a>.</em></p>",Sony,Audio Systems,"360° Sound, Gesture Control, High Resolution Audio",true,Title,Default Title,,,,,"",12000,,1,deny,manual,1249.00,,true,true,"",https://cdn.shopify.com/s/files/1/0029/5367/4822/products/3_11906fab-a1df-4071-a84f-1afd02f5dec5.jpg?v=1534862278,1,,false,,,,,,,,,,,,,,,,,kg,
party-audio-system,,,,,,,,,,,,,,,,,,,,,,,,https://cdn.shopify.com/s/files/1/0029/5367/4822/products/4_48991489-4ef0-4a94-8b6a-c8bbb66e36db.jpg?v=1534862278,2,,,,,,,,,,,,,,,,,,,,
party-audio-system,,,,,,,,,,,,,,,,,,,,,,,,https://cdn.shopify.com/s/files/1/0029/5367/4822/products/1_6841005a-383d-465b-ac62-ceeccf963da7.jpg?v=1534862278,3,,,,,,,,,,,,,,,,,,,,
party-audio-system,,,,,,,,,,,,,,,,,,,,,,,,https://cdn.shopify.com/s/files/1/0029/5367/4822/products/2_cddbb951-fb82-4b64-8e10-2b96ae6e6af3.jpg?v=1534862278,4,,,,,,,,,,,,,,,,,,,,
hi-fi-audio-system,Hi-Fi Audio System,"<p><span>Everything is right here - enjoy CDs, audio files and music services in near high resolution with DSEE HX. Kick back and listen the radio, or link wirelessly to music stored on another device.</span></p>
<ul>
<li>High-Resolution Audio compatible</li>
<li>DSEE HX upscaling restores quality to compressed files</li>
<li>S-Master HX digital amplifier for pure sound quality</li>
<li>Easy Bluetooth connectivity with NFC One-touch</li>
<li>Wi-Fi with DLNA, AirPlay &amp; Chromecast built-in</li>
</ul>
<p><em>This is a demonstration store. You can purchase this product at <a href=""https://www.sony.com"" target=""_blank"" title=""Sony"" rel=""noopener noreferrer"">Sony</a>.</em></p>",Sony,Audio Systems,"360° Sound, High Resolution Audio",true,Title,Default Title,,,,,"",5000,,1,deny,manual,699.00,799.00,true,true,"",https://cdn.shopify.com/s/files/1/0029/5367/4822/products/1_58d1de00-956b-46d0-9a2d-0020cfd5c219.jpg?v=1534861765,1,,false,,,,,,,,,,,,,,,,,kg,
hi-fi-audio-system,,,,,,,,,,,,,,,,,,,,,,,,https://cdn.shopify.com/s/files/1/0029/5367/4822/products/2_db7888bf-c1ef-4abe-81f5-26e87e790d03.jpg?v=1534861769,2,,,,,,,,,,,,,,,,,,,,
hi-fi-audio-system,,,,,,,,,,,,,,,,,,,,,,,,https://cdn.shopify.com/s/files/1/0029/5367/4822/products/3_0d0633f8-3ae9-48cb-bde0-b6d56d084d00.jpg?v=1534861771,3,,,,,,,,,,,,,,,,,,,,
hi-fi-audio-system,,,,,,,,,,,,,,,,,,,,,,,,https://cdn.shopify.com/s/files/1/0029/5367/4822/products/4_7b9c7b16-cf80-4a52-a86d-7785ca761996.jpg?v=1534861774,4,,,,,,,,,,,,,,,,,,,,
karaoke-audio-system,Karaoke Audio System,"<p><span>Secure your status as party legend. Enjoy high quality sound with the MHC-M40D thanks to DSEE upscaling and LDAC wireless audio streaming.</span></p>
<ul>
<li>Karaoke and guitar inputs</li>
<li>Control DJ effects with the Fiestable app</li>
<li>Integrated DVD player with HDMI out</li>
<li>Football mode</li>
<li>Link systems with Wireless Party Chain</li>
</ul>
<p><em>This is a demonstration store. You can purchase this product at <a href=""https://www.sony.com"" target=""_blank"" title=""Sony"" rel=""noopener noreferrer"">Sony</a>.</em></p>",Sony,Audio Systems,"High Resolution Audio, Karaoke",true,Title,Default Title,,,,,"",7000,,1,deny,manual,459.00,,true,true,"",https://cdn.shopify.com/s/files/1/0029/5367/4822/products/1_76912eef-ab24-4c37-a115-9a57c4066069.jpg?v=1534861254,1,,false,,,,,,,,,,,,,,,,,kg,
karaoke-audio-system,,,,,,,,,,,,,,,,,,,,,,,,https://cdn.shopify.com/s/files/1/0029/5367/4822/products/2_f152d2d9-8538-4014-b5a4-fecfea7d43ba.jpg?v=1534861257,2,,,,,,,,,,,,,,,,,,,,
high-power-audio-system,High Power Audio System,"<p><span>Bring your night to life. With the euphoric 360° sound and light of the MHC-V81D, everyone at the party can enjoy high-quality audio and festival atmosphere.</span></p>
<ul>
<li>360° LIVE SOUND</li>
<li>360° Party Light</li>
<li>TAIKO mode and TAIKO Game mode</li>
<li>Integrated DVD player with HDMI out</li>
<li>Gesture control and motion control</li>
</ul>
<p><em>This is a demonstration store. You can purchase this product at <a href=""https://www.sony.com"" target=""_blank"" title=""Sony"" rel=""noopener noreferrer"">Sony</a>.</em></p>",Sony,Audio Systems,"360° Sound, Gesture Control",true,Title,Default Title,,,,,"",8000,,1,deny,manual,849.00,,true,true,"",https://cdn.shopify.com/s/files/1/0029/5367/4822/products/1_a95e6d4e-61a1-4a88-8744-95a9ccb7b014.jpg?v=1534860890,1,,false,,,,,,,,,,,,,,,,,kg,
high-power-audio-system,,,,,,,,,,,,,,,,,,,,,,,,https://cdn.shopify.com/s/files/1/0029/5367/4822/products/2_3a25d779-8bc6-448d-adb1-f4a90b70d003.jpg?v=1534860893,2,,,,,,,,,,,,,,,,,,,,
high-power-audio-system,,,,,,,,,,,,,,,,,,,,,,,,https://cdn.shopify.com/s/files/1/0029/5367/4822/products/3_a33ae137-4ee5-4640-aaa1-4d8d899a9f91.jpg?v=1534860898,3,,,,,,,,,,,,,,,,,,,,
bluetooth-speaker,Bluetooth Speaker,"<p><span>The stylish h.ear go wireless speaker combines impressive sound with easy connectivity and portability.</span></p>
<ul>
<li>High-Resolution Audio compatible</li>
<li>Easy Bluetooth connectivity with NFC One-touch</li>
<li>EXTRA BASS for deep, punchy sound</li>
<li>Lightweight, portable design</li>
<li>Up to 12 hours of battery life</li>
</ul>
<p><em>This is a demonstration store. You can purchase this product at <a href=""https://www.sony.com"" target=""_blank"" title=""Sony"" rel=""noopener noreferrer"">Sony</a>.</em></p>",Sony,Wireless Speakers,"Extra Bass, Portable, Wireless",true,Color,Yellow,,,,,"",300,,1,deny,manual,359.00,399.00,true,true,"",https://cdn.shopify.com/s/files/1/0029/5367/4822/products/1_cee70b8e-95fc-4e06-bd64-ec35fc0f6553.jpg?v=1534860358,1,,false,,,,,,,,,,,,,,,,https://cdn.shopify.com/s/files/1/0029/5367/4822/products/1_cee70b8e-95fc-4e06-bd64-ec35fc0f6553.jpg?v=1534860358,kg,
bluetooth-speaker,,,,,,,,Black,,,,,"",300,,0,deny,manual,359.00,,true,true,"",https://cdn.shopify.com/s/files/1/0029/5367/4822/products/2_3c87b318-602e-4b20-9d26-0c253a0705c5.jpg?v=1534860364,2,,,,,,,,,,,,,,,,,,https://cdn.shopify.com/s/files/1/0029/5367/4822/products/3_fba7e24a-aaeb-452c-a3d4-8d69659c15b8.jpg?v=1534860368,kg,
bluetooth-speaker,,,,,,,,Red,,,,,"",300,shopify,0,deny,manual,359.00,,true,true,"",https://cdn.shopify.com/s/files/1/0029/5367/4822/products/3_fba7e24a-aaeb-452c-a3d4-8d69659c15b8.jpg?v=1534860368,3,,,,,,,,,,,,,,,,,,https://cdn.shopify.com/s/files/1/0029/5367/4822/products/4_8ca7c653-587c-4110-a7e4-d45b5f31ab54.jpg?v=1534860372,kg,
bluetooth-speaker,,,,,,,,,,,,,,,,,,,,,,,,https://cdn.shopify.com/s/files/1/0029/5367/4822/products/4_8ca7c653-587c-4110-a7e4-d45b5f31ab54.jpg?v=1534860372,4,,,,,,,,,,,,,,,,,,,,
portable-speaker,Portable Speaker,"<p><span>Wherever you go, bring some big beats with you. The SRS-XB10 is easy to carry and gives your music some extra bass.</span></p>
<ul>
<li>EXTRA BASS for deep, punchy sound</li>
<li>Compact, portable design</li>
<li>Up to 16 hours of battery life</li>
<li>Water-resistant for worry-free use</li>
<li>One-touch listening with NFC technology</li>
</ul>
<p><em>This is a demonstration store. You can purchase this product at <a href=""https://www.sony.com"" target=""_blank"" title=""Sony"" rel=""noopener noreferrer"">Sony</a>.</em></p>",Sony,Wireless Speakers,"Extra Bass, Portable",true,Color,Blue,,,,,"",150,shopify,0,deny,manual,79.00,,true,true,"",https://cdn.shopify.com/s/files/1/0029/5367/4822/products/1_d2161db6-451b-4a48-899d-869c64ca5489.jpg?v=1534859798,1,,false,,,,,,,,,,,,,,,,https://cdn.shopify.com/s/files/1/0029/5367/4822/products/1_d2161db6-451b-4a48-899d-869c64ca5489.jpg?v=1534859798,kg,
portable-speaker,,,,,,,,Red,,,,,"",150,shopify,0,deny,manual,79.00,,true,true,"",https://cdn.shopify.com/s/files/1/0029/5367/4822/products/2_1a378775-ef5c-49ad-b65a-3ff3f9542945.jpg?v=1534859801,2,,,,,,,,,,,,,,,,,,https://cdn.shopify.com/s/files/1/0029/5367/4822/products/3_d7e33614-8a07-404b-ad7b-8f3743861e8a.jpg?v=1534859803,kg,
portable-speaker,,,,,,,,Black,,,,,"",150,shopify,0,deny,manual,79.00,,true,true,"",https://cdn.shopify.com/s/files/1/0029/5367/4822/products/3_d7e33614-8a07-404b-ad7b-8f3743861e8a.jpg?v=1534859803,3,,,,,,,,,,,,,,,,,,https://cdn.shopify.com/s/files/1/0029/5367/4822/products/4_b3c9834c-0ed7-42ce-ae16-8fbeb7b6ace0.jpg?v=1534859805,kg,
portable-speaker,,,,,,,,White,,,,,"",150,shopify,0,deny,manual,79.00,,true,true,"",https://cdn.shopify.com/s/files/1/0029/5367/4822/products/4_b3c9834c-0ed7-42ce-ae16-8fbeb7b6ace0.jpg?v=1534859805,4,,,,,,,,,,,,,,,,,,https://cdn.shopify.com/s/files/1/0029/5367/4822/products/5_432b4d26-48bf-4588-a1bc-0e3426a768bf.jpg?v=1534859807,kg,
portable-speaker,,,,,,,,,,,,,,,,,,,,,,,,https://cdn.shopify.com/s/files/1/0029/5367/4822/products/5_432b4d26-48bf-4588-a1bc-0e3426a768bf.jpg?v=1534859807,5,,,,,,,,,,,,,,,,,,,,
this-is-a-demonstration-store-you-can-purchase-this-product-at-sony,Extra Bass Speaker,"<p>Get the best out of your party experience with the SRS-XB21 portable wireless speaker. Give your music an extra boost with Party Booster and new line lights.</p>
<ul>
<li>Extra Bass sound with LIVE SOUND mode</li>
<li>Sound effects with Party Booster</li>
<li>Lift up your party with flashy lights</li>
<li>Waterproof and dustproof</li>
<li>Up to 12 hours of battery life</li>
</ul>
<p><em>This is a demonstration store. You can purchase this product at <a href=""https://www.sony.com"" target=""_blank"" title=""Sony"" rel=""noopener noreferrer"">Sony</a>.</em></p>",Sony,Wireless Speakers,"Extra Bass, Portable, Wireless",true,Color,Black,,,,,"",350,,1,deny,manual,169.00,,true,true,"",https://cdn.shopify.com/s/files/1/0029/5367/4822/products/1_f612d94a-6ea1-4dc1-819f-ba46c4f3acf6.jpg?v=1534851993,1,,false,,,,,,,,,,,,,,,,https://cdn.shopify.com/s/files/1/0029/5367/4822/products/1_f612d94a-6ea1-4dc1-819f-ba46c4f3acf6.jpg?v=1534851993,kg,
this-is-a-demonstration-store-you-can-purchase-this-product-at-sony,,,,,,,,Red,,,,,"",350,,0,deny,manual,169.00,,true,true,"",https://cdn.shopify.com/s/files/1/0029/5367/4822/products/2_db88b994-7042-4ea1-8a65-4ad9667e0bc6.jpg?v=1534851998,2,,,,,,,,,,,,,,,,,,https://cdn.shopify.com/s/files/1/0029/5367/4822/products/4_ef27b409-7c8c-4bbd-b34b-540fdb5191c4.jpg?v=1534852008,kg,
this-is-a-demonstration-store-you-can-purchase-this-product-at-sony,,,,,,,,White,,,,,"",350,,0,deny,manual,169.00,,true,true,"",https://cdn.shopify.com/s/files/1/0029/5367/4822/products/3_7b43103b-3eb6-4583-8d35-54fa0ad1f200.jpg?v=1534852002,3,,,,,,,,,,,,,,,,,,https://cdn.shopify.com/s/files/1/0029/5367/4822/products/5_d08957aa-eb2d-4da8-8fc2-a218f21a70a6.jpg?v=1534852013,kg,
this-is-a-demonstration-store-you-can-purchase-this-product-at-sony,,,,,,,,,,,,,,,,,,,,,,,,https://cdn.shopify.com/s/files/1/0029/5367/4822/products/4_ef27b409-7c8c-4bbd-b34b-540fdb5191c4.jpg?v=1534852008,4,,,,,,,,,,,,,,,,,,,,
this-is-a-demonstration-store-you-can-purchase-this-product-at-sony,,,,,,,,,,,,,,,,,,,,,,,,https://cdn.shopify.com/s/files/1/0029/5367/4822/products/5_d08957aa-eb2d-4da8-8fc2-a218f21a70a6.jpg?v=1534852013,5,,,,,,,,,,,,,,,,,,,,
stylish-headphones,Stylish Earphones,"<p><span>Experience the superior detail of High-Resolution Audio with an in-ear design that comes in a range of colours to suit your style.</span></p>
<ul>
<li>High-Resolution Audio compatible</li>
<li>9mm high-sensitivity drivers for responsive audio</li>
<li>Beat Response Control delivers tight, deep bass</li>
<li>Smartphone-compatible with inline remote mic</li>
<li>Available in a range of colours</li>
</ul>
<p><em>This is a demonstration store. You can purchase this product at <a href=""https://www.sony.com"" target=""_blank"" title=""Sony"" rel=""noopener noreferrer"">Sony</a>.</em></p>",Sony,Headphones,"High Resolution Audio, In-Ear",true,Color,Moonlit Blue,,,,,"",100,shopify,0,deny,manual,129.00,,true,true,"",https://cdn.shopify.com/s/files/1/0029/5367/4822/products/1_602db2c6-f5d5-47fc-b295-dbe4fa88a458.jpg?v=1534778974,1,,false,,,,,,,,,,,,,,,,https://cdn.shopify.com/s/files/1/0029/5367/4822/products/1_602db2c6-f5d5-47fc-b295-dbe4fa88a458.jpg?v=1534778974,kg,
stylish-headphones,,,,,,,,Twilight Red,,,,,"",100,shopify,0,deny,manual,129.00,,true,true,"",https://cdn.shopify.com/s/files/1/0029/5367/4822/products/2_178e0ec8-7feb-47d2-ab77-4f534d08608b.jpg?v=1534778976,2,,,,,,,,,,,,,,,,,,https://cdn.shopify.com/s/files/1/0029/5367/4822/products/3_3dddcc47-01b3-49f5-b29f-9d4e75429384.jpg?v=1534778978,kg,
stylish-headphones,,,,,,,,Grayish Black,,,,,"",100,shopify,0,deny,manual,129.00,,true,true,"",https://cdn.shopify.com/s/files/1/0029/5367/4822/products/3_3dddcc47-01b3-49f5-b29f-9d4e75429384.jpg?v=1534778978,3,,,,,,,,,,,,,,,,,,https://cdn.shopify.com/s/files/1/0029/5367/4822/products/4_31d40025-2e5b-4261-b626-2f16077243c8.jpg?v=1534778980,kg,
stylish-headphones,,,,,,,,,,,,,,,,,,,,,,,,https://cdn.shopify.com/s/files/1/0029/5367/4822/products/4_31d40025-2e5b-4261-b626-2f16077243c8.jpg?v=1534778980,4,,,,,,,,,,,,,,,,,,,,
sports-headphones,Sports Earphones,"<p><span>Enjoy your favourite work out tunes without distraction. With a lightweight design and an arc fitting support to make sure your ear-buds stay in place.</span></p>
<ul>
<li>Digital Noise Cancelling lets you hear what you want</li>
<li>Ambient Sound Mode lets you hear essential sounds</li>
<li>Wireless freedom with Bluetooth technology and NFC</li>
<li>Lightweight behind-the-neck design with secure fitting</li>
<li>EXTRA BASS sound with deep, punchy low end</li>
</ul>
<p><em>This is a demonstration store. You can purchase this product at <a href=""https://www.sony.com"" target=""_blank"" title=""Sony"" rel=""noopener noreferrer"">Sony</a>.</em></p>",Sony,Headphones,"Extra Bass, In-Ear, Wireless",true,Color,Pink,,,,,"",120,,1,deny,manual,199.00,,true,true,"",https://cdn.shopify.com/s/files/1/0029/5367/4822/products/1_9af2c66e-566e-454c-a739-17bea579c2a5.jpg?v=1534776032,1,,false,,,,,,,,,,,,,,,,https://cdn.shopify.com/s/files/1/0029/5367/4822/products/1_9af2c66e-566e-454c-a739-17bea579c2a5.jpg?v=1534776032,kg,
sports-headphones,,,,,,,,Yellow,,,,,"",120,,0,deny,manual,199.00,,true,true,"",https://cdn.shopify.com/s/files/1/0029/5367/4822/products/2_5ad59979-4d90-4707-891f-0f44a7efe595.jpg?v=1534776034,2,,,,,,,,,,,,,,,,,,https://cdn.shopify.com/s/files/1/0029/5367/4822/products/2_5ad59979-4d90-4707-891f-0f44a7efe595.jpg?v=1534776034,kg,
sports-headphones,,,,,,,,White,,,,,"",120,shopify,0,deny,manual,199.00,,true,true,"",https://cdn.shopify.com/s/files/1/0029/5367/4822/products/3_b34ffa7c-6a12-4fa5-96cc-4f4a6c78db0c.jpg?v=1534776035,3,,,,,,,,,,,,,,,,,,https://cdn.shopify.com/s/files/1/0029/5367/4822/products/3_b34ffa7c-6a12-4fa5-96cc-4f4a6c78db0c.jpg?v=1534776035,kg,
sports-headphones,,,,,,,,Black,,,,,"",120,,0,deny,manual,199.00,,true,true,"",https://cdn.shopify.com/s/files/1/0029/5367/4822/products/4_4b36db40-dd36-42c3-9c7d-fe9da4cdd6e0.jpg?v=1534776037,4,,,,,,,,,,,,,,,,,,https://cdn.shopify.com/s/files/1/0029/5367/4822/products/4_4b36db40-dd36-42c3-9c7d-fe9da4cdd6e0.jpg?v=1534776037,kg,
sports-headphones,,,,,,,,,,,,,,,,,,,,,,,,https://cdn.shopify.com/s/files/1/0029/5367/4822/products/5_6d665ba9-9f28-4eb8-9d88-25f910197b79.jpg?v=1534776039,5,,,,,,,,,,,,,,,,,,,,
wi-1000x-headphones,Noise Cancelling Earphones,"<p><span>Lose yourself in music, whenever and wherever you are, with industry-leading noise cancellation, effortlessly smart features and a neckband for comfortable all-day wearing.</span></p>
<ul>
<li>Digital noise cancelling with atmospheric pressure optimizing</li>
<li>Wireless freedom with BLUETOOTH technology</li>
<li>Smart Listening by Adaptive Sound Control</li>
<li>High-quality audio with DSEE HX and LDAC</li>
</ul>
<p><span> <em>This is a demonstration store. You can purchase this product at <a href=""https://www.sony.com"" target=""_blank"" title=""Sony"" rel=""noopener noreferrer"">Sony</a>.</em></span></p>",Sony,Headphones,"In-Ear, Wireless",true,Color,Black,,,,,"",150,,1,deny,manual,449.00,,true,true,"",https://cdn.shopify.com/s/files/1/0029/5367/4822/products/1_aa8c9d85-79f7-4f65-a684-ec5f983dbcd3.jpg?v=1534928100,1,,false,,,,,,,,,,,,,,,,https://cdn.shopify.com/s/files/1/0029/5367/4822/products/1_aa8c9d85-79f7-4f65-a684-ec5f983dbcd3.jpg?v=1534928100,kg,
wi-1000x-headphones,,,,,,,,Gold,,,,,"",150,,0,deny,manual,449.00,,true,true,"",https://cdn.shopify.com/s/files/1/0029/5367/4822/products/2_7c55fee8-b0b5-4b09-8e3a-2cd3eb32bc1c.jpg?v=1534928100,2,,,,,,,,,,,,,,,,,,https://cdn.shopify.com/s/files/1/0029/5367/4822/products/4_e14f3e42-dece-4d11-9a85-bd8c49be4456.jpg?v=1534928100,kg,
wi-1000x-headphones,,,,,,,,,,,,,,,,,,,,,,,,https://cdn.shopify.com/s/files/1/0029/5367/4822/products/3_48da452a-9258-4246-887d-35ee4801b048.jpg?v=1534928100,3,,,,,,,,,,,,,,,,,,,,
wi-1000x-headphones,,,,,,,,,,,,,,,,,,,,,,,,https://cdn.shopify.com/s/files/1/0029/5367/4822/products/4_e14f3e42-dece-4d11-9a85-bd8c49be4456.jpg?v=1534928100,4,,,,,,,,,,,,,,,,,,,,
wi-1000x-headphones,,,,,,,,,,,,,,,,,,,,,,,,https://cdn.shopify.com/s/files/1/0029/5367/4822/products/5_ba599469-4e62-4ac0-8e47-fd0426311c6e.jpg?v=1534928100,5,,,,,,,,,,,,,,,,,,,,
wireless-headphones,Wireless Headphones,"<p><span>Enjoy more music, more comfort, and colours that fit seamlessly into your world. The h.ear on 2 Wireless NC features High-Resolution Audio for studio-quality sound.</span></p>
<ul>
<li>High-Resolution Audio compatible6</li>
<li>DSEE HX upscales music to near high-resolution sound quality</li>
<li>Digital noise cancelling and ambient sound mode</li>
<li>Touch sensor control panel for easy operation</li>
<li>Fine-tune your sound using the Sony Connect app</li>
</ul>
<p><em>This is a demonstration store. You can purchase this product at <a href=""https://www.sony.com"" target=""_blank"" title=""Sony"" rel=""noopener noreferrer"">Sony</a>.</em></p>",Sony,Headphones,"Headband, High Resolution Audio, Wireless",true,Color,Moonlit Blue,,,,,"",200,,1,deny,manual,399.00,480.00,true,true,"",https://cdn.shopify.com/s/files/1/0029/5367/4822/products/1_1e528f7c-c340-4b6e-818d-6f0eb7971096.jpg?v=1534761149,1,,false,,,,,,,,,,,,,,,,https://cdn.shopify.com/s/files/1/0029/5367/4822/products/1_1e528f7c-c340-4b6e-818d-6f0eb7971096.jpg?v=1534761149,kg,
wireless-headphones,,,,,,,,Twilight Red,,,,,"",200,,0,deny,manual,399.00,480.00,true,true,"",https://cdn.shopify.com/s/files/1/0029/5367/4822/products/2_27f2a07e-7f6f-4339-bf3b-a8844ba9c1de.jpg?v=1534761150,2,,,,,,,,,,,,,,,,,,https://cdn.shopify.com/s/files/1/0029/5367/4822/products/4_023851e4-2396-4099-9cc4-80f19ba9bc85.jpg?v=1534761155,kg,
wireless-headphones,,,,,,,,Grayish Black,,,,,"",200,,0,deny,manual,399.00,480.00,true,true,"",https://cdn.shopify.com/s/files/1/0029/5367/4822/products/3_1f23683d-4d49-4702-88ce-3f55f75b497e.jpg?v=1534761152,3,,,,,,,,,,,,,,,,,,https://cdn.shopify.com/s/files/1/0029/5367/4822/products/5_7fd8c511-2ebd-4fc1-a7c3-c4a4d996beb4.jpg?v=1534761156,kg,
wireless-headphones,,,,,,,,,,,,,,,,,,,,,,,,https://cdn.shopify.com/s/files/1/0029/5367/4822/products/4_023851e4-2396-4099-9cc4-80f19ba9bc85.jpg?v=1534761155,4,,,,,,,,,,,,,,,,,,,,
wireless-headphones,,,,,,,,,,,,,,,,,,,,,,,,https://cdn.shopify.com/s/files/1/0029/5367/4822/products/5_7fd8c511-2ebd-4fc1-a7c3-c4a4d996beb4.jpg?v=1534761156,5,,,,,,,,,,,,,,,,,,,,
premium-headphones,Premium Headphones,"<p><span>Experience uncompromised sound quality and premium craftsmanship with Sony's flagship Signature Series headphones.</span></p>
<ul>
<li>High-Resolution Audio compatible</li>
<li>Responsive Magnesium dome</li>
<li>Resonance free housing</li>
<li>Silver-coated oxygen-free copper cables</li>
<li>Ergonomic sheepskin earpads</li>
</ul>
<p><em>This is a demonstration store. You can purchase this product at <a href=""https://www.sony.com"" target=""_blank"" title=""Sony"" rel=""noopener noreferrer"">Sony</a>.</em></p>",Sony,Headphones,"Headband, High Resolution Audio",true,Title,Default Title,,,,,"",250,shopify,0,deny,manual,2599.00,,true,true,"",https://cdn.shopify.com/s/files/1/0029/5367/4822/products/1.jpg?v=1534760209,1,,false,,,,,,,,,,,,,,,,,kg,
premium-headphones,,,,,,,,,,,,,,,,,,,,,,,,https://cdn.shopify.com/s/files/1/0029/5367/4822/products/2.jpg?v=1534760213,2,,,,,,,,,,,,,,,,,,,,
premium-headphones,,,,,,,,,,,,,,,,,,,,,,,,https://cdn.shopify.com/s/files/1/0029/5367/4822/products/3.jpg?v=1534760216,3,,,,,,,,,,,,,,,,,,,,
premium-headphones,,,,,,,,,,,,,,,,,,,,,,,,https://cdn.shopify.com/s/files/1/0029/5367/4822/products/4.jpg?v=1534760218,4,,,,,,,,,,,,,,,,,,,,
extra-bass-headphones,Extra Bass Headphones,"<p><span>MDR-XB650BT headphones combine powerful EXTRA BASS sound quality with the freedom of wireless connectivity and long-listen comfort.</span></p>
<ul>
<li>EXTRA BASS for deep, punchy sound</li>
<li>One-touch listening</li>
<li>30mm neodymium driver unit</li>
<li>Up to 30 hours of battery life</li>
<li>Swivel ear cups for easy portability</li>
</ul>
<p><em>This is a demonstration store. You can purchase this product at <a href=""https://www.sony.com"" target=""_blank"" title=""Sony"" rel=""noopener noreferrer"">Sony</a>.</em></p>",Sony,Headphones,"Extra Bass, Headband, Wireless",true,Color,Blue,,,,,"",250,,0,deny,manual,199.00,,true,true,"",https://cdn.shopify.com/s/files/1/0029/5367/4822/products/4_991113db-4d24-4bf2-a43f-87e39ad1d7ab.jpg?v=1534760735,1,,false,,,,,,,,,,,,,,,,https://cdn.shopify.com/s/files/1/0029/5367/4822/products/4_991113db-4d24-4bf2-a43f-87e39ad1d7ab.jpg?v=1534760735,kg,
extra-bass-headphones,,,,,,,,Red,,,,,"",250,,0,deny,manual,199.00,,true,true,"",https://cdn.shopify.com/s/files/1/0029/5367/4822/products/5.jpg?v=1534760735,2,,,,,,,,,,,,,,,,,,https://cdn.shopify.com/s/files/1/0029/5367/4822/products/5.jpg?v=1534760735,kg,
extra-bass-headphones,,,,,,,,Black,,,,,"",250,,1,deny,manual,199.00,,true,true,"",https://cdn.shopify.com/s/files/1/0029/5367/4822/products/1_40526330-ce2f-4171-9abd-65b79f3e35a0.jpg?v=1534760735,3,,,,,,,,,,,,,,,,,,https://cdn.shopify.com/s/files/1/0029/5367/4822/products/1_40526330-ce2f-4171-9abd-65b79f3e35a0.jpg?v=1534760735,kg,
extra-bass-headphones,,,,,,,,,,,,,,,,,,,,,,,,https://cdn.shopify.com/s/files/1/0029/5367/4822/products/2_41c8ea4d-bcc9-47bc-9017-0ec9a93641e1.jpg?v=1534760735,4,,,,,,,,,,,,,,,,,,,,
extra-bass-headphones,,,,,,,,,,,,,,,,,,,,,,,,https://cdn.shopify.com/s/files/1/0029/5367/4822/products/3_8afc2d6a-55c0-49ad-b5db-113f6c764598.jpg?v=1534760735,5,,,,,,,,,,,,,,,,,,,,
