[
  {
    "name": "theme_info",
    "theme_name": "rocket",
    "theme_author": "Outlane Themes",
    "theme_version": "2.2",
    "theme_documentation_url": "https://help.outlane.co/collection/10-rocket-theme",
    "theme_support_email": "support@outlane.co"
  },
  {
    "name": "Typography",
    "settings": [
      {
        "type": "font_picker",
        "id": "font_header_family",
        "label": "Font",
        "default": "roboto_n7"
      },
      {
        "type": "header",
        "content": "Body text"
      },
      {
        "type": "font_picker",
        "id": "font_body_family",
        "label": "Font",
        "default": "roboto_n4"
      },
      {
        "type": "header",
        "content": "Buttons"
      },
      {
        "type": "range",
        "id": "font_button_size",
        "min": 10,
        "max": 32,
        "step": 1,
        "unit": "px",
        "label": "Button Text Size",
        "default": 14
      },
      {
        "type": "select",
        "id": "font_button_weight",
        "label": "Button Text Weight",
        "default": "bold",
        "options": [
          {
            "value": "normal",
            "label": "Normal"
          },
          {
            "value": "bold",
            "label": "Bold"
          }
        ]
      },
      {
        "type": "select",
        "id": "font_button_transform",
        "label": "Button Text Transform",
        "default": "uppercase",
        "options": [
          {
            "value": "none",
            "label": "None"
          },
          {
            "value": "uppercase",
            "label": "Uppercase"
          }
        ]
      },
      {
        "type": "header",
        "content": "Announcement Bar"
      },
      {
        "type": "range",
        "id": "font_announcement_size",
        "min": 10,
        "max": 32,
        "step": 1,
        "unit": "px",
        "label": "Text Size",
        "default": 16
      },
      {
        "type": "header",
        "content": "Header"
      },
      {
        "type": "range",
        "id": "font_header_link_size",
        "min": 10,
        "max": 24,
        "step": 1,
        "unit": "px",
        "label": "Menu Link Size",
        "default": 13
      },
      {
        "type": "select",
        "id": "font_header_link_transform",
        "label": "Menu Link Transform",
        "default": "uppercase",
        "options": [
          {
            "value": "none",
            "label": "None"
          },
          {
            "value": "uppercase",
            "label": "Uppercase"
          }
        ]
      },
      {
        "type": "header",
        "content": "Footer"
      },
      {
        "type": "range",
        "id": "font_footer_link_size",
        "min": 10,
        "max": 32,
        "step": 1,
        "unit": "px",
        "label": "Menu Link Size",
        "default": 15
      },
      {
        "type": "select",
        "id": "font_footer_link_transform",
        "label": "Menu Link Transform",
        "default": "none",
        "options": [
          {
            "value": "none",
            "label": "None"
          },
          {
            "value": "uppercase",
            "label": "Uppercase"
          }
        ]
      },
      {
        "type": "header",
        "content": "Cookie Bar"
      },
      {
        "type": "range",
        "id": "font_cookie_bar_text",
        "min": 12,
        "max": 24,
        "step": 1,
        "unit": "px",
        "label": "Cookie Bar Text Size",
        "default": 16
      }
    ]
  },
  {
    "name": "Colors and Styles",
    "settings": [
      {
        "type": "header",
        "content": "Body"
      },
      {
        "type": "color",
        "id": "color_bg",
        "label": "Background Color",
        "default": "#ffffff"
      },
      {
        "type": "color",
        "id": "color_title",
        "label": "Title Color",
        "default": "#21293b"
      },
      {
        "type": "color",
        "id": "color_text",
        "label": "Text Color",
        "default": "#21293b"
      },
      {
        "type": "color",
        "id": "color_border",
        "label": "Border Color",
        "default": "#edeef2"
      },
      {
        "type": "select",
        "id": "lightbox_style",
        "label": "Image Full Screen Mode Style",
        "options": [
          {
            "value": "light",
            "label": "Light"
          },
          {
            "value": "dark",
            "label": "Dark"
          }
        ],
        "default": "light"
      },
      {
        "type": "range",
        "id": "style_border_radius",
        "min": 0,
        "max": 10,
        "step": 1,
        "unit": "px",
        "label": "Global Border Radius",
        "default": 0
      },
      {
        "type": "header",
        "content": "Links and Buttons"
      },
      {
        "type": "select",
        "id": "link_style",
        "label": "Link in Text Style",
        "default": "colored",
        "options": [
          {
            "value": "colored",
            "label": "Colored"
          },
          {
            "value": "underline",
            "label": "Underline"
          },
          {
            "value": "colored_underline",
            "label": "Colored and Underline"
          }
        ]
      },
      {
        "type": "color",
        "id": "color_link",
        "label": "Link Color",
        "default": "#007ace",
        "info": "Used for text links that have 'Colored' style."
      },
      {
        "type": "color",
        "id": "color_btn_bg",
        "label": "Button Background Color",
        "default": "#2b3347"
      },
      {
        "type": "color",
        "id": "color_btn_text",
        "label": "Button Text Color",
        "default": "#ffffff"
      },
      {
        "type": "range",
        "id": "style_button_radius",
        "min": 0,
        "max": 100,
        "step": 1,
        "unit": "px",
        "label": "Button Radius",
        "default": 0
      },
      {
        "type": "checkbox",
        "id": "slyle_button_shadow",
        "label": "Button Shadow Effect",
        "default": false
      },
      {
        "type": "header",
        "content": "Announcement Bar Colors"
      },
      {
        "type": "color",
        "id": "color_announcement_bar_bg",
        "label": "Announcement Background",
        "default": "#606aba"
      },
      {
        "type": "color",
        "id": "color_announcement_bar_text",
        "label": "Announcement Text",
        "default": "#ffffff"
      },
      {
        "type": "header",
        "content": "Header"
      },
      {
        "type": "color",
        "id": "color_header_bg",
        "label": "Header Background Color",
        "default": "#ffffff"
      },
      {
        "type": "color",
        "id": "color_header_link",
        "label": "Header Link Color",
        "default": "#2b3347"
      },
      {
        "type": "color",
        "id": "color_header_btn",
        "label": "Header Button Color",
        "default": "#2b3347"
      },
      {
        "type": "color",
        "id": "color_header_border",
        "label": "Header Border Color",
        "default": "#e6e9f0"
      },
      {
        "type": "color",
        "id": "color_header_cart_count_bg",
        "label": "Cart Count Color",
        "default": "#4974f4"
      },
      {
        "type": "header",
        "content": "Footer"
      },
      {
        "type": "color",
        "id": "color_footer_bg",
        "label": "Footer Background Color",
        "default": "#fff"
      },
      {
        "type": "color",
        "id": "color_footer_link",
        "label": "Footer Menu Color",
        "default": "#2b3347"
      },
      {
        "type": "color",
        "id": "color_footer_social",
        "label": "Footer Social Links Color",
        "default": "#2b3347"
      },
      {
        "type": "color",
        "id": "color_footer_copyright",
        "label": "Footer Copyright Color",
        "default": "#b2b2b2"
      },
      {
        "type": "color",
        "id": "color_footer_border",
        "label": "Footer Border Color",
        "default": "#edeef2"
      },
      {
        "type": "header",
        "content": "Forms"
      },
      {
        "type": "color",
        "id": "color_field_label",
        "label": "Label Color",
        "default": "#21293b"
      },
      {
        "type": "color",
        "id": "color_field_bg",
        "label": "Form Field Background",
        "default": "#fefefe"
      },
      {
        "type": "color",
        "id": "color_field_text",
        "label": "Form Field Text Color",
        "default": "#21293b"
      },
      {
        "type": "color",
        "id": "color_field_placeholder",
        "label": "Form Field Placeholder Color",
        "default": "#a1a1a1"
      },
      {
        "type": "color",
        "id": "color_field_border",
        "label": "Form Field Border Color",
        "default": "#d3d5db"
      },
      {
        "type": "header",
        "content": "Dynamic Checkout Button"
      },
      {
        "type": "color",
        "id": "color_dynamic_buy_btn_bg",
        "label": "Button Background Color",
        "default": "#02bb89"
      },
      {
        "type": "color",
        "id": "color_dynamic_buy_btn_text",
        "label": "Button Text Color",
        "default": "#ffffff"
      },
      {
        "type": "range",
        "id": "style_add_to_cart_width",
        "min": 190,
        "max": 500,
        "step": 5,
        "unit": "px",
        "label": "Add To Cart Button Width",
        "default": 220
      },
      {
        "type": "header",
        "content": "Quick Add To Card Button"
      },
      {
        "type": "color",
        "id": "color_quick_add_to_cart_btn_bg",
        "label": "Add To Cart Button Background",
        "default": "#02bb89"
      },
      {
        "type": "color",
        "id": "color_quick_add_to_cart_btn_text",
        "label": "Add To Cart Button Text",
        "default": "#fff"
      },
      {
        "type": "header",
        "content": "Cookie Bar"
      },
      {
        "type": "color",
        "id": "color_cookie_bar_bg",
        "label": "Cookie Bar Background",
        "default": "#fff"
      },
      {
        "type": "color",
        "id": "color_cookie_bar_text",
        "label": "Cookie Bar Text",
        "default": "#333"
      },
      {
        "type": "color",
        "id": "color_cookie_bar_button_bg",
        "label": "Button Background",
        "default": "#436BE0"
      },
      {
        "type": "color",
        "id": "color_cookie_bar_button_text",
        "label": "Button Text",
        "default": "#fff"
      },
      {
        "type": "select",
        "id": "style_cookie_bar_button",
        "label": "Button Style",
        "default": "full",
        "options": [
          {
            "value": "full",
            "label": "Filled"
          },
          {
            "value": "hollow",
            "label": "Hollow"
          }
        ]
      }
    ]
  },
  {
    "name": "General",
    "settings": [
      {
        "type": "header",
        "content": "Layout"
      },
      {
        "type": "range",
        "id": "layout_width",
        "min": 1200,
        "max": 1500,
        "step": 5,
        "unit": "px",
        "label": "Layout Width (max)",
        "default": 1240
      },
      {
        "type": "range",
        "id": "layout_grid_spacing",
        "min": 10,
        "max": 30,
        "step": 1,
        "unit": "px",
        "label": "Grid Spacing",
        "default": 15
      },
      {
        "type": "html",
        "id": "head_custom_code",
        "label": "Custom code in <head>",
        "info": "Insert custom HTML/JS code in <head> tag of every page"
      },
      {
        "type": "html",
        "id": "head_custom_css",
        "label": "Custom CSS",
        "info": "Insert custom CSS code in <head> tag of every page"
      },
      {
        "type": "checkbox",
        "id": "enable_animated_icons",
        "label": "Enable Animated Icons Support",
        "default": false
      }
    ]
  },
  {
    "name": "Header and Logo",
    "settings": [
      {
        "type": "header",
        "content": "Announcement Bar"
      },
      {
        "type": "select",
        "id": "show_announcement_bar",
        "label": "Show Announcement Bar",
        "default": "hide",
        "options": [
          {
            "value": "hide",
            "label": "Hide"
          },
          {
            "value": "home",
            "label": "Only Homepage"
          },
          {
            "value": "all_pages",
            "label": "All Pages"
          }
        ]
      },
      {
        "type": "richtext",
        "id": "announcement_text",
        "label": "Announcement Text",
        "default": "<p>Add your announcement here</p>"
      },
      {
        "type": "richtext",
        "id": "announcement_text_mobile",
        "label": "Announcement Text (Mobile)",
        "default": "<p>Add your announcement for mobile</p>"
      },
      {
        "type": "select",
        "id": "announcement_text_alignment",
        "label": "Text Alignment",
        "default": "center",
        "options": [
          {
            "value": "left",
            "label": "Left"
          },
          {
            "value": "center",
            "label": "Center"
          },
          {
            "value": "right",
            "label": "Right"
          }
        ]
      },
      {
        "type": "url",
        "id": "announcement_link",
        "label": "Link"
      },
      {
        "type": "header",
        "content": "Header Settings"
      },
      {
        "type": "checkbox",
        "id": "account_link",
        "label": "Display Account Link in Main Menu",
        "default": true,
        "info": "Go to Admin > Settings > Checkout and enable customer accounts."
      },
      {
        "type": "checkbox",
        "id": "fixed_header",
        "label": "Sticky Header On Scroll",
        "default": true
      },
      {
        "type": "checkbox",
        "id": "header_show_search",
        "label": "Display Search Icon",
        "default": false
      },
      {
        "type": "header",
        "content": "Logo"
      },
      {
        "type": "checkbox",
        "id": "logo_use_image",
        "label": "Use Custom Logo"
      },
      {
        "type": "image_picker",
        "id": "logo_image",
        "label": "Logo",
        "info": "Recommended: 450 x 200px .png"
      },
      {
        "type": "range",
        "id": "logo_maximum_width",
        "min": 80,
        "max": 220,
        "step": 5,
        "unit": "px",
        "label": "Logo Width",
        "default": 135
      },
      {
        "type": "header",
        "content": "Favicon"
      },
      {
        "type": "checkbox",
        "id": "favicon_enable",
        "label": "Use Custom Icon"
      },
      {
        "type": "image",
        "id": "favicon.png",
        "label": "Icon",
        "max-width": 32,
        "max-height": 32,
        "info": "32 x 32px .png required"
      }
    ]
  },
  {
    "name": "Currency Switcher",
    "settings": [
      {
        "type": "header",
        "content": "Currency Switcher"
      },
      {
        "type": "checkbox",
        "id": "enable_currency_switch",
        "label": "Show Currency Switcher",
        "default": true,
        "info": "Even though prices are displayed in different currencies, orders will still be processed in your store's currency."
      },
      {
        "type": "text",
        "id": "supported_currencies",
        "label": "The list of enabled currencies",
        "default": "USD EUR CAD AUD INR GBP JPY",
        "info": "Use the country's ISO [currency code](http://www.xe.com/iso4217.php). Separate your currency codes with a space."
      }
    ]
  },
  {
    "name": "Google Maps",
    "settings": [
      {
        "type": "text",
        "id": "gmap_api_key",
        "label": "Google Maps API key",
        "info": "You’ll need to [register a Google Maps API Key](https://help.shopify.com/manual/using-themes/troubleshooting/map-section-api-key) to display the map"
      }
    ]
  },
  {
    "name": "Blog",
    "settings": [
      {
        "type": "range",
        "id": "blog_posts_count",
        "min": 1,
        "max": 24,
        "step": 1,
        "label": "Posts on a page",
        "default": 5
      },
      {
        "type": "checkbox",
        "id": "blog_post_author",
        "label": "Display post's author",
        "default": true
      },
      {
        "type": "checkbox",
        "id": "blog_post_tags",
        "label": "Display post's tags",
        "default": false
      }
    ]
  },
  {
    "name": "Collection",
    "settings": [
      {
        "type": "range",
        "id": "collection_items_count",
        "min": 1,
        "max": 100,
        "step": 1,
        "label": "Products on a page",
        "default": 12
      },
      {
        "type": "header",
        "content": "Collection Navigation"
      },
      {
        "type": "checkbox",
        "id": "collection_display_collections",
        "label": "Display Collections",
        "default": false
      },
      {
        "type": "text",
        "id": "collection_nav_title",
        "label": "Collections Navigation Title",
        "default": "Collections"
      },
      {
        "type": "checkbox",
        "id": "collection_display_types",
        "label": "Display Product Types",
        "default": false
      },
      {
        "type": "text",
        "id": "collection_types_nav_title",
        "label": "Product Types Navigation Title",
        "default": "Product Types"
      },
      {
        "type": "checkbox",
        "id": "collection_display_tags",
        "label": "Display Product Tags",
        "default": false
      },
      {
        "type": "checkbox",
        "id": "collection_display_sorting",
        "label": "Display Product Sorting",
        "default": false
      },
      {
        "type": "header",
        "content": "Quick Add To Cart Button",
        "info": "Enable this feature in order to display \"Add To Cart\" button for products on collection pages."
      },
      {
        "type": "checkbox",
        "id": "enable_quick_add_to_cart",
        "label": "Enable Quick Add To Cart",
        "default": false
      },
      {
        "type": "text",
        "id": "see_buying_options_button_text",
        "label": "Product Variants Button Text",
        "default": "Buying Options",
        "info": "This button will be displayed if a product has more than one variant."
      }
    ]
  },
  {
    "name": "Product page",
    "settings": [
      {
        "type": "checkbox",
        "id": "enable_color_swatches",
        "label": "Enable Color Swatches",
        "default": true
      },
      {
        "type": "checkbox",
        "id": "show_featured_image_first",
        "label": "Show Featured Image First",
        "default": false,
        "info": "If checked, the product featured image will appear instead of the variant's image."
      },
      {
        "type": "checkbox",
        "id": "add_spr_markup",
        "label": "Add Shopify Product Reviews Markup",
        "default": false
      }
    ]
  },
  {
    "name": "Cart",
    "settings": [
      {
        "type": "checkbox",
        "id": "cart_notes_enable",
        "label": "Enable Cart Notes"
      },
      {
        "type": "checkbox",
        "id": "cart_vendor_enable",
        "label": "Show Product Vendor"
      }
    ]
  },
  {
    "name": "Social Media",
    "settings": [
      {
        "type": "header",
        "content": "Social Media Links"
      },
      {
        "type": "text",
        "id": "social_twitter_link",
        "label": "Twitter URL",
        "info": "https:\/\/twitter.com\/shopify"
      },
      {
        "type": "text",
        "id": "social_facebook_link",
        "label": "Facebook URL",
        "info": "https:\/\/www.facebook.com\/shopify"
      },
      {
        "type": "text",
        "id": "social_pinterest_link",
        "label": "Pinterest",
        "info": "https://pinterest.com/shopify"
      },
      {
        "type": "text",
        "id": "social_instagram_link",
        "label": "Instagram",
        "info": "http://instagram.com/shopify"
      },
      {
        "type": "text",
        "id": "social_tumblr_link",
        "label": "Tumblr",
        "info": "http://shopify.tumblr.com"
      },
      {
        "type": "text",
        "id": "social_youtube_link",
        "label": "YouTube",
        "info": "https://www.youtube.com/shopify"
      },
      {
        "type": "text",
        "id": "social_vimeo_link",
        "label": "Vimeo",
        "info": "https://vimeo.com/shopify"
      },
      {
        "type": "header",
        "content": "Social Sharing Image"
      },
      {
        "type": "image_picker",
        "id": "share_image",
        "label": "Image",
        "info": "A default image that is shown when sharing a link on social media."
      },
      {
        "type": "header",
        "content": "Share buttons"
      },
      {
        "type": "checkbox",
        "id": "share_on_facebook",
        "label": "Share on Facebook",
        "default": true
      },
      {
        "type": "checkbox",
        "id": "share_twitter",
        "label": "Share on Twitter",
        "default": true
      },
      {
        "type": "checkbox",
        "id": "share_pinterest",
        "label": "Share on Pinterest",
        "default": true
      }
    ]
  },
  {
    "name": "Cookie Bar",
    "settings": [
      {
        "type": "checkbox",
        "id": "enable_cookie_bar",
        "label": "Enable Cookie Bar",
        "default": false
      },
      {
        "type": "checkbox",
        "id": "editor_cookie_bar_show",
        "label": "Always Visible in Theme Editor",
        "default": true
      },
      {
        "type": "checkbox",
        "id": "show_cookie_icon",
        "label": "Show Cookie Icon",
        "default": true
      },
      {
        "type": "richtext",
        "id": "cookie_bar_text",
        "label": "Cookie Bar Text",
        "default": "<p>Cookie Policy: we use cookies to ensure you get the best experience on our website.</p>"
      },
      {
        "type": "url",
        "id": "cookie_page_link",
        "label": "Cookie Policy Page Link"
      },
      {
        "type": "text",
        "id": "cookie_bar_link_text",
        "label": "Link Text",
        "default": "Learn More"
      },
      {
        "type": "text",
        "id": "cookie_bar_button_title",
        "label": "Button Title",
        "default": "Got It!",
        "info": "If the user clicks this button, the cookie bar will disappear."
      }
    ]
  },
  {
    "name": "404 Page",
    "settings": [
      {
        "type": "image_picker",
        "id": "not_found_image",
        "label": "Use Custom Image"
      }
    ]
  }
]
