{
  "presets": {
    "Landing": {
      "font_header_family": "roboto_n7",
      "font_body_family": "roboto_n4",
      "font_button_size": 14,
      "font_button_weight": "bold",
      "font_button_transform": "uppercase",
      "font_announcement_size": 16,
      "font_header_link_size": 13,
      "font_header_link_transform": "uppercase",
      "font_footer_link_size": 15,
      "font_footer_link_transform": "none",
      "color_bg": "#ffffff",
      "color_title": "#21293b",
      "color_text": "#21293b",
      "color_border": "#edeef2",
      "lightbox_style": "light",
      "style_border_radius": 0,
      "link_style": "colored",
      "color_link": "#007ace",
      "color_btn_bg": "#2b3347",
      "color_btn_text": "#ffffff",
      "style_button_radius": 0,
      "slyle_button_shadow": false,
      "color_announcement_bar_bg": "#606aba",
      "color_announcement_bar_text": "#ffffff",
      "color_header_bg": "#ffffff",
      "color_header_link": "#2b3347",
      "color_header_btn": "#2b3347",
      "color_header_border": "#e6e9f0",
      "color_header_cart_count_bg": "#4974f4",
      "color_footer_bg": "#fff",
      "color_footer_link": "#2b3347",
      "color_footer_social": "#2b3347",
      "color_footer_copyright": "#b2b2b2",
      "color_footer_border": "#edeef2",
      "color_field_label": "#21293b",
      "color_field_bg": "#fefefe",
      "color_field_text": "#21293b",
      "color_field_placeholder": "#a1a1a1",
      "color_field_border": "#d3d5db",
      "color_dynamic_buy_btn_bg": "#02bb89",
      "color_dynamic_buy_btn_text": "#ffffff"
    },
    "Launch": {
      "font_header_family": "roboto_n7",
      "font_body_family": "roboto_n4",
      "font_button_size": 14,
      "font_button_weight": "bold",
      "font_button_transform": "uppercase",
      "font_announcement_size": 16,
      "font_header_link_size": 13,
      "font_header_link_transform": "uppercase",
      "font_footer_link_size": 15,
      "font_footer_link_transform": "none",
      "color_bg": "#ffffff",
      "color_title": "#2E3459",
      "color_text": "#393B47",
      "color_border": "#EDEEF2",
      "lightbox_style": "light",
      "style_border_radius": 3,
      "link_style": "colored",
      "color_link": "#007ace",
      "color_btn_bg": "#4855AB",
      "color_btn_text": "#ffffff",
      "style_button_radius": 3,
      "slyle_button_shadow": true,
      "color_announcement_bar_bg": "#606aba",
      "color_announcement_bar_text": "#ffffff",
      "color_header_bg": "#ffffff",
      "color_header_link": "#25262E",
      "color_header_btn": "#4855AB",
      "color_header_border": "#E6E9F0",
      "color_header_cart_count_bg": "#4855AB",
      "color_footer_bg": "#2D2F3A",
      "color_footer_link": "#BCBECC",
      "color_footer_social": "#BCBECC",
      "color_footer_copyright": "#8A8C99",
      "color_footer_border": "#1D1E24",
      "color_field_label": "#21293b",
      "color_field_bg": "#FEFEFE",
      "color_field_text": "#21293b",
      "color_field_placeholder": "#a1a1a1",
      "color_field_border": "#d3d5db",
      "color_dynamic_buy_btn_bg": "#02bb89",
      "color_dynamic_buy_btn_text": "#ffffff"
    },
    "Boost": {
      "font_header_family": "kalam_n7",
      "font_body_family": "swiss_721_n4",
      "font_button_size": 14,
      "font_button_weight": "bold",
      "font_button_transform": "uppercase",
      "font_announcement_size": 16,
      "font_header_link_size": 16,
      "font_header_link_transform": "none",
      "font_footer_link_size": 15,
      "font_footer_link_transform": "none",
      "font_cookie_bar_text": 16,
      "color_bg": "#ffffff",
      "color_title": "#213b3a",
      "color_text": "#2c3e44",
      "color_border": "#edeef2",
      "lightbox_style": "light",
      "style_border_radius": 3,
      "link_style": "colored",
      "color_link": "#00aab1",
      "color_btn_bg": "#109090",
      "color_btn_text": "#ffffff",
      "style_button_radius": 45,
      "slyle_button_shadow": true,
      "color_announcement_bar_bg": "#10356a",
      "color_announcement_bar_text": "#f7f6c9",
      "color_header_bg": "#11596a",
      "color_header_link": "#ebe7d8",
      "color_header_btn": "#fff9e2",
      "color_header_border": "#e6e9f0",
      "color_header_cart_count_bg": "#ff4578",
      "color_footer_bg": "#11596a",
      "color_footer_link": "#ebe7d8",
      "color_footer_social": "#ebe7d8",
      "color_footer_copyright": "#a29e8c",
      "color_footer_border": "#074a59",
      "color_field_label": "#21293b",
      "color_field_bg": "#fefefe",
      "color_field_text": "#21293b",
      "color_field_placeholder": "#a1a1a1",
      "color_field_border": "#d3d5db",
      "color_dynamic_buy_btn_bg": "#d62a60",
      "color_dynamic_buy_btn_text": "#ffffff",
      "style_add_to_cart_width": 265,
      "color_quick_add_to_cart_btn_bg": "#02bb89",
      "color_quick_add_to_cart_btn_text": "#fff",
      "color_cookie_bar_bg": "#fff",
      "color_cookie_bar_text": "#333",
      "color_cookie_bar_button_bg": "#436be0",
      "color_cookie_bar_button_text": "#fff"
    }
  }
}
