{
  "current": {
    "logo_width": 180,
    "logo_width_mobile": 120,
    "color_primary": "#A52A2A",
    "color_primary_hover": "#8B0000",
    "color_secondary": "#1a1a1a",
    "color_background": "#FAF8F0",
    "color_background_alt": "#F5F0E1",
    "color_text": "#2C2C2C",
    "color_text_light": "#5C5C5C",
    "color_border": "#E5DFD0",
    "color_sale": "#2E7D32",
    "color_error": "#dc3545",
    "color_success": "#28a745",
    "font_heading": "playfair_display_n7",
    "font_body": "source_sans_pro_n4",
    "font_body_size": 16,
    "page_width": 1400,
    "spacing_sections": 80,
    "button_border_radius": 0,
    "button_uppercase": true,
    "contact_phone": "1-800-555-0123",
    "contact_email": "info@aedempire.com",
    "contact_hours": "Mon-Fri 9am-5pm EST",
    "show_trust_badges": true,
    "trust_badge_1": "FDA Registered",
    "trust_badge_1_icon": "shield",
    "trust_badge_2": "Authorized Dealer",
    "trust_badge_2_icon": "award",
    "trust_badge_3": "Free Shipping $500+",
    "trust_badge_3_icon": "truck",
    "trust_badge_4": "Expert Support",
    "trust_badge_4_icon": "phone",
    "cart_type": "drawer",
    "cart_notes_enable": true,
    "free_shipping_threshold": 500,
    "product_card_show_vendor": true,
    "product_card_show_rating": false,
    "product_card_image_ratio": "square",
    "product_card_show_secondary_image": true,
    "search_enable_suggestions": true,
    "search_show_products": true,
    "search_show_collections": true,
    "search_show_pages": false
  }
}
