{
  "presets": {
    "Interstellar": {
      "font_header_family": "open_sans_n7",
      "font_page_title_size": 36,
      "font_body_family": "open_sans_n4",
      "font_button_size": 14,
      "font_button_weight": "bold",
      "font_button_transform": "uppercase",
      "font_mobile_menu_link_size": 14,
      "font_mobile_menu_link_transform": "none",
      "font_mobile_menu_dropdown_link_size": 14,
      "font_mobile_menu_dropdown_link_transform": "none",
      "font_header_link_size": 14,
      "font_header_link_transform": "none",
      "font_header_dropdown_link_size": 14,
      "font_header_dropdown_link_transform": "none",
      "font_footer_title_size": 12,
      "font_footer_title_weight": "bold",
      "font_footer_title_transform": "uppercase",
      "font_footer_text_size": 14,
      "font_collection_product_title_size": 15,
      "font_collection_product_title_weight": "bold",
      "font_collection_product_title_transform": "none",
      "font_collection_product_price_size": 15,
      "font_collection_product_price_weight": "bold",
      "font_collection_sidebar_title_size": 14,
      "font_collection_sidebar_title_transform": "uppercase",
      "font_collection_sidebar_text_size": 15,
      "font_product_title_size": 36,
      "font_product_title_transform": "none",
      "font_product_buy_box_title_size": 24,
      "font_product_price_size": 24,
      "font_product_tabs_title_size": 15,
      "font_product_tabs_title_transform": "none",
      "font_product_tabs_content_size": 16,
      "color_bg": "#24252E",
      "color_title": "#dadce8",
      "color_text": "#c5c9d6",
      "style_border_radius": 4,
      "color_link": "#c5c9d6",
      "link_style": "underline",
      "color_btn_bg": "#4759cc",
      "color_btn_text": "#ffffff",
      "style_button_radius": 50,
      "color_field_label": "#aeb1bd",
      "color_field_bg": "#333440",
      "color_field_text": "#C5C9D6",
      "color_field_placeholder": "#727482",
      "color_header_bg": "#1e2128",
      "color_header_link": "#c9ccd6",
      "color_header_active_link": "#ffffff",
      "color_header_dropdown_bg": "#262a33",
      "color_header_dropdown_link": "#c9ccd6",
      "color_header_cart_count_bg": "#1247EB",
      "color_mobile_sidebar_bg": "#2d2f38",
      "color_mobile_sidebar_text": "#dfe0e8",
      "color_mobile_sidebar_link": "#c9ccd6",
      "color_cart_sidebar_bg": "#2d2f38",
      "color_cart_sidebar_title": "#dfe0e8",
      "color_cart_sidebar_text": "#dfe0e8",
      "color_cart_sidebar_product": "#c9ccd6",
      "color_cart_sidebar_price": "#c9ccd6",
      "color_cart_sidebar_btn_bg": "#4759cc",
      "color_cart_sidebar_btn": "#ffffff",
      "color_footer_bg": "#1E1F26",
      "color_footer_title": "#c3c7d9",
      "color_footer_text": "#878a99",
      "color_footer_link": "#9da1b3",
      "color_footer_copyright_bg": "#1A1B21",
      "color_footer_copyright": "#727480",
      "color_blog_card_bg": "#2d2f38",
      "color_blog_card_title": "#dadce8",
      "color_blog_card_info": "#9da0b2",
      "color_blog_article_date": "#c9cbd6",
      "color_blog_sidebar": "#9da0b2",
      "color_blog_sidebar_title": "#bbbec7",
      "color_blog_sidebar_link": "#9da1b3",
      "color_collection_product_card_bg": "#30313b",
      "color_collection_product_card_title": "#d3d7f0",
      "color_collection_product_card_price": "#8c9cff",
      "color_collection_product_card_old_price": "#878a99",
      "color_collection_sale_badge_bg": "#4759cc",
      "color_collection_soldout_badge_bg": "#ff5147",
      "color_collection_badge": "#ffffff",
      "color_collection_sidebar": "#9294a6",
      "color_collection_sidebar_title": "#C9CBD6",
      "color_collection_sidebar_link": "#ABADC2",
      "color_collection_sidebar_active_link": "#C9CBD6",
      "color_product_title": "#dadce8",
      "color_product_header_bg": "#1e2128",
      "color_product_vendor": "#9da0b2",
      "color_product_images_bg": "#1a1b21",
      "color_product_images_nav_btn_bg": "#e0e4ff",
      "color_product_images_nav_btn": "#2c2d36",
      "color_product_buy_box_bg": "#2d2e38",
      "color_product_buy_box_title": "#dadce8",
      "color_product_buy_box_price": "#8c9cff",
      "color_product_buy_box_label": "#aeb1bd",
      "color_product_buy_btn_bg": "#4759cc",
      "color_product_buy_btn": "#ffffff",
      "color_product_dynamic_buy_bg": "#02bb89",
      "color_product_dynamic_buy_text": "#ffffff",
      "color_product_tabs_bg": "#2d2e38",
      "color_product_tabs_text": "#c5c9d6"
    },
    "Stardust": {
      "font_header_family": "montserrat_n7",
      "font_page_title_size": 36,
      "font_body_family": "pt_sans_n4",
      "font_button_size": 15,
      "font_button_weight": "bold",
      "font_button_transform": "uppercase",
      "font_mobile_menu_link_size": 15,
      "font_mobile_menu_link_transform": "none",
      "font_mobile_menu_dropdown_link_size": 15,
      "font_mobile_menu_dropdown_link_transform": "none",
      "font_header_link_size": 15,
      "font_header_link_transform": "none",
      "font_header_dropdown_link_size": 15,
      "font_header_dropdown_link_transform": "none",
      "font_footer_title_size": 13,
      "font_footer_title_weight": "bold",
      "font_footer_title_transform": "uppercase",
      "font_footer_text_size": 15,
      "font_collection_product_title_size": 16,
      "font_collection_product_title_weight": "bold",
      "font_collection_product_title_transform": "none",
      "font_collection_product_price_size": 16,
      "font_collection_product_price_weight": "bold",
      "font_collection_sidebar_title_size": 14,
      "font_collection_sidebar_title_transform": "uppercase",
      "font_collection_sidebar_text_size": 15,
      "font_product_title_size": 36,
      "font_product_title_transform": "none",
      "font_product_buy_box_title_size": 24,
      "font_product_price_size": 24,
      "font_product_tabs_title_size": 15,
      "font_product_tabs_title_transform": "none",
      "font_product_tabs_content_size": 16,
      "color_bg": "#212121",
      "color_title": "#E8E8E8",
      "color_text": "#D6D6D6",
      "style_border_radius": 3,
      "color_link": "#B2B2AF",
      "link_style": "underline",
      "color_btn_bg": "#1AB869",
      "color_btn_text": "#ffffff",
      "style_button_radius": 3,
      "color_field_label": "#aaaaaa",
      "color_field_bg": "#333333",
      "color_field_text": "#CCCCCC",
      "color_field_placeholder": "#777777",
      "color_header_bg": "#1A1A1A",
      "color_header_link": "#E0E0E0",
      "color_header_active_link": "#ffffff",
      "color_header_dropdown_bg": "#222",
      "color_header_dropdown_link": "#E0E0E0",
      "color_header_cart_count_bg": "#129252",
      "color_mobile_sidebar_bg": "#212121",
      "color_mobile_sidebar_text": "#B2B2B2",
      "color_mobile_sidebar_link": "#E8E8E8",
      "color_cart_sidebar_bg": "#212121",
      "color_cart_sidebar_title": "#B2B2B2",
      "color_cart_sidebar_text": "#B2B2B2",
      "color_cart_sidebar_product": "#B2B2B2",
      "color_cart_sidebar_price": "#DED1A0",
      "color_cart_sidebar_btn_bg": "#1AB869",
      "color_cart_sidebar_btn": "#ffffff",
      "color_footer_bg": "#1A1A1A",
      "color_footer_title": "#A6A18D",
      "color_footer_text": "#999999",
      "color_footer_link": "#B2B2B2",
      "color_footer_copyright_bg": "#121212",
      "color_footer_copyright": "#6B6B6B",
      "color_blog_card_bg": "#292929",
      "color_blog_card_title": "#DDDDDD",
      "color_blog_card_info": "#999999",
      "color_blog_article_date": "#CCCCCC",
      "color_blog_sidebar": "#999999",
      "color_blog_sidebar_title": "#BBBBBB",
      "color_blog_sidebar_link": "#999999",
      "color_collection_product_card_bg": "#292929",
      "color_collection_product_card_title": "#E0E0E0",
      "color_collection_product_card_price": "#DED1A0",
      "color_collection_product_card_old_price": "#888888",
      "color_collection_sale_badge_bg": "#1AB869",
      "color_collection_soldout_badge_bg": "#FF5147",
      "color_collection_badge": "#ffffff",
      "color_collection_sidebar": "#999999",
      "color_collection_sidebar_title": "#CCCCCC",
      "color_collection_sidebar_link": "#AAAAAA",
      "color_collection_sidebar_active_link": "#CCCCCC",
      "color_product_title": "#E8E8E8",
      "color_product_header_bg": "#1A1A1A",
      "color_product_vendor": "#B2B2AF",
      "color_product_images_bg": "#0F0F0F",
      "color_product_images_nav_btn_bg": "#FFFFFF",
      "color_product_images_nav_btn": "#2C2D36",
      "color_product_buy_box_bg": "#292929",
      "color_product_buy_box_title": "#F0F0F0",
      "color_product_buy_box_price": "#DED1A0",
      "color_product_buy_box_label": "#bbb",
      "color_product_buy_btn_bg": "#1AB869",
      "color_product_buy_btn": "#ffffff",
      "color_product_dynamic_buy_bg": "#4759cc",
      "color_product_dynamic_buy_text": "#ffffff",
      "color_product_tabs_bg": "#292929",
      "color_product_tabs_text": "#D6D6D6"
    },
    "Blackhole": {
      "font_header_family": "oswald_n4",
      "font_page_title_size": 48,
      "font_body_family": "montserrat_n4",
      "font_button_size": 14,
      "font_button_weight": "bold",
      "font_button_transform": "uppercase",
      "font_mobile_menu_link_size": 14,
      "font_mobile_menu_link_transform": "none",
      "font_mobile_menu_dropdown_link_size": 14,
      "font_mobile_menu_dropdown_link_transform": "none",
      "font_header_link_size": 15,
      "font_header_link_transform": "none",
      "font_header_dropdown_link_size": 14,
      "font_header_dropdown_link_transform": "none",
      "font_mega_menu_title_size": 13,
      "font_mega_menu_title_weight": "bold",
      "font_mega_menu_title_transform": "uppercase",
      "font_mega_menu_text_size": 16,
      "font_mega_menu_link_weight": "normal",
      "font_mega_menu_link_transform": "none",
      "font_footer_title_size": 14,
      "font_footer_title_weight": "bold",
      "font_footer_title_transform": "uppercase",
      "font_footer_text_size": 15,
      "font_collection_product_title_size": 15,
      "font_collection_product_title_weight": "bold",
      "font_collection_product_title_transform": "none",
      "font_collection_product_price_size": 15,
      "font_collection_product_price_weight": "bold",
      "font_collection_sidebar_title_size": 14,
      "font_collection_sidebar_title_transform": "uppercase",
      "font_collection_sidebar_text_size": 15,
      "font_product_title_size": 36,
      "font_product_title_transform": "none",
      "font_product_buy_box_title_size": 30,
      "font_product_price_size": 30,
      "font_product_tabs_title_size": 16,
      "font_product_tabs_title_transform": "none",
      "font_product_tabs_content_size": 17,
      "font_cookie_bar_text": 15,
      "color_bg": "#141414",
      "color_title": "#dadce8",
      "color_text": "#c5c9d6",
      "style_border_radius": 4,
      "color_link": "#c5c9d6",
      "link_style": "underline",
      "color_btn_bg": "#ffefa6",
      "color_btn_text": "#000000",
      "style_button_radius": 65,
      "color_field_label": "#aeb1bd",
      "color_field_bg": "#242424",
      "color_field_text": "#c5c9d6",
      "color_field_placeholder": "#727482",
      "color_header_bg": "#000000",
      "color_header_link": "#c9ccd6",
      "color_header_active_link": "#ffffff",
      "color_header_dropdown_bg": "#262a33",
      "color_header_dropdown_link": "#c9ccd6",
      "color_header_cart_count_bg": "#1247eb",
      "color_mega_menu_bg": "#000000",
      "color_mega_menu_title": "#9da1b3",
      "color_mega_menu_text": "#b3b3b3",
      "color_mega_menu_link": "#ffffff",
      "color_mobile_sidebar_bg": "#000000",
      "color_mobile_sidebar_text": "#dfe0e8",
      "color_mobile_sidebar_link": "#c9ccd6",
      "color_cart_sidebar_bg": "#000000",
      "color_cart_sidebar_title": "#dfe0e8",
      "color_cart_sidebar_text": "#dfe0e8",
      "color_cart_sidebar_product": "#c9ccd6",
      "color_cart_sidebar_price": "#c9ccd6",
      "color_cart_sidebar_btn_bg": "#4759cc",
      "color_cart_sidebar_btn": "#ffffff",
      "color_footer_bg": "#000000",
      "color_footer_title": "#c3c7d9",
      "color_footer_text": "#c3c7d9",
      "color_footer_link": "#c3c7d9",
      "color_footer_copyright_bg": "#000000",
      "color_footer_copyright": "#acadb8",
      "color_blog_card_bg": "#000000",
      "color_blog_card_title": "#dadce8",
      "color_blog_card_info": "#9da0b2",
      "color_blog_article_date": "#c9cbd6",
      "color_blog_sidebar": "#9da0b2",
      "color_blog_sidebar_title": "#bbbec7",
      "color_blog_sidebar_link": "#9da1b3",
      "color_collection_product_card_bg": "#000000",
      "color_collection_product_card_title": "#e5e5e5",
      "color_collection_product_card_price": "#ffe18c",
      "color_collection_product_card_old_price": "#878a99",
      "color_collection_sale_badge_bg": "#4759cc",
      "color_collection_soldout_badge_bg": "#ff5147",
      "color_collection_badge": "#ffffff",
      "color_collection_sidebar": "#9294a6",
      "color_collection_sidebar_title": "#c9cbd6",
      "color_collection_sidebar_link": "#abadc2",
      "color_collection_sidebar_active_link": "#c9cbd6",
      "color_product_title": "#dadce8",
      "color_product_header_bg": "#000000",
      "color_product_vendor": "#9da0b2",
      "color_product_images_bg": "#1a1b21",
      "color_product_images_nav_btn_bg": "#e0e4ff",
      "color_product_images_nav_btn": "#2c2d36",
      "color_product_buy_box_bg": "#000000",
      "color_product_buy_box_title": "#dadce8",
      "color_product_buy_box_price": "#ffefa6",
      "color_product_buy_box_label": "#aeb1bd",
      "color_product_buy_btn_bg": "#ffefa6",
      "color_product_buy_btn": "#000000",
      "color_product_dynamic_buy_bg": "#234aa6",
      "color_product_dynamic_buy_text": "#fff",
      "color_product_tabs_bg": "#000000",
      "color_product_tabs_text": "#c5c9d6",
      "color_quick_add_to_cart_btn_bg": "#ffefa6",
      "color_quick_add_to_cart_btn_text": "#000000",
      "color_cookie_bar_bg": "#0c0d16",
      "color_cookie_bar_text": "#dadce8",
      "color_cookie_bar_button_bg": "#4759cc",
      "color_cookie_bar_button_text": "#fff"
    }
  },
  "current": {
    "font_header_family": "open_sans_n7",
    "font_page_title_size": 36,
    "font_body_family": "open_sans_n4",
    "font_button_size": 14,
    "font_button_weight": "bold",
    "font_button_transform": "uppercase",
    "font_mobile_menu_link_size": 14,
    "font_mobile_menu_link_transform": "none",
    "font_mobile_menu_dropdown_link_size": 14,
    "font_mobile_menu_dropdown_link_transform": "none",
    "font_header_link_size": 14,
    "font_header_link_transform": "none",
    "font_header_dropdown_link_size": 14,
    "font_header_dropdown_link_transform": "none",
    "font_footer_title_size": 12,
    "font_footer_title_weight": "bold",
    "font_footer_title_transform": "uppercase",
    "font_footer_text_size": 14,
    "font_collection_product_title_size": 15,
    "font_collection_product_title_weight": "bold",
    "font_collection_product_title_transform": "none",
    "font_collection_product_price_size": 15,
    "font_collection_product_price_weight": "bold",
    "font_collection_sidebar_title_size": 14,
    "font_collection_sidebar_title_transform": "uppercase",
    "font_collection_sidebar_text_size": 15,
    "font_product_title_size": 36,
    "font_product_title_transform": "none",
    "font_product_buy_box_title_size": 24,
    "font_product_price_size": 24,
    "font_product_tabs_title_size": 15,
    "font_product_tabs_title_transform": "none",
    "font_product_tabs_content_size": 16,
    "color_bg": "#24252e",
    "color_title": "#dadce8",
    "color_text": "#c5c9d6",
    "style_border_radius": 4,
    "color_link": "#c5c9d6",
    "link_style": "underline",
    "color_btn_bg": "#4759cc",
    "color_btn_text": "#ffffff",
    "style_button_radius": 50,
    "color_field_label": "#aeb1bd",
    "color_field_bg": "#333440",
    "color_field_text": "#c5c9d6",
    "color_field_placeholder": "#727482",
    "color_header_bg": "#1e2128",
    "color_header_link": "#c9ccd6",
    "color_header_active_link": "#ffffff",
    "color_header_dropdown_bg": "#262a33",
    "color_header_dropdown_link": "#c9ccd6",
    "color_header_cart_count_bg": "#1247eb",
    "color_mobile_sidebar_bg": "#2d2f38",
    "color_mobile_sidebar_text": "#dfe0e8",
    "color_mobile_sidebar_link": "#c9ccd6",
    "color_cart_sidebar_bg": "#2d2f38",
    "color_cart_sidebar_title": "#dfe0e8",
    "color_cart_sidebar_text": "#dfe0e8",
    "color_cart_sidebar_product": "#c9ccd6",
    "color_cart_sidebar_price": "#c9ccd6",
    "color_cart_sidebar_btn_bg": "#4759cc",
    "color_cart_sidebar_btn": "#ffffff",
    "color_footer_bg": "#1e1f26",
    "color_footer_title": "#c3c7d9",
    "color_footer_text": "#878a99",
    "color_footer_link": "#9da1b3",
    "color_footer_copyright_bg": "#1a1b21",
    "color_footer_copyright": "#727480",
    "color_blog_card_bg": "#2d2f38",
    "color_blog_card_title": "#dadce8",
    "color_blog_card_info": "#9da0b2",
    "color_blog_article_date": "#c9cbd6",
    "color_blog_sidebar": "#9da0b2",
    "color_blog_sidebar_title": "#bbbec7",
    "color_blog_sidebar_link": "#9da1b3",
    "color_collection_product_card_bg": "#30313b",
    "color_collection_product_card_title": "#d3d7f0",
    "color_collection_product_card_price": "#8c9cff",
    "color_collection_product_card_old_price": "#878a99",
    "color_collection_sale_badge_bg": "#4759cc",
    "color_collection_soldout_badge_bg": "#ff5147",
    "color_collection_badge": "#ffffff",
    "color_collection_sidebar": "#9294a6",
    "color_collection_sidebar_title": "#c9cbd6",
    "color_collection_sidebar_link": "#abadc2",
    "color_collection_sidebar_active_link": "#c9cbd6",
    "color_product_title": "#dadce8",
    "color_product_header_bg": "#1e2128",
    "color_product_vendor": "#9da0b2",
    "color_product_images_bg": "#1a1b21",
    "color_product_images_nav_btn_bg": "#e0e4ff",
    "color_product_images_nav_btn": "#2c2d36",
    "color_product_buy_box_bg": "#2d2e38",
    "color_product_buy_box_title": "#dadce8",
    "color_product_buy_box_price": "#8c9cff",
    "color_product_buy_box_label": "#aeb1bd",
    "color_product_buy_btn_bg": "#4759cc",
    "color_product_buy_btn": "#ffffff",
    "color_product_dynamic_buy_bg": "#02bb89",
    "color_product_dynamic_buy_text": "#fff",
    "color_product_tabs_bg": "#2d2e38",
    "color_product_tabs_text": "#c5c9d6",
    "show_mobile_sidebar_search": true,
    "show_mobile_sidebar_social": true,
    "fixed_header": true,
    "header_show_search": true,
    "header_cart_link_total": true,
    "enable_currency_switch": true,
    "supported_currencies": "USD EUR CAD AUD INR GBP JPY",
    "logo_use_image": true,
    "logo_max_width": "154",
    "favicon_enable": false,
    "gmap_api_key": "",
    "blog_enable_sidebar": true,
    "blog_posts_count": 5,
    "blog_post_author": true,
    "blog_post_tags": true,
    "article_enable_sidebar": true,
    "article_post_author": true,
    "article_post_tags": true,
    "article_share_buttons": true,
    "enable_collection_sidebar": true,
    "collection_row_mobile": "2",
    "collection_row_tablet": "2",
    "collection_row_desktop": "3",
    "collection_items_count": 12,
    "show_product_badges": true,
    "enable_img_zoom": true,
    "add_spr_markup": false,
    "cart_notes_enable": false,
    "cart_vendor_enable": true,
    "ajax_cart_method": "drawer",
    "social_twitter_link": "",
    "social_facebook_link": "",
    "social_pinterest_link": "",
    "social_instagram_link": "",
    "social_tumblr_link": "",
    "social_youtube_link": "",
    "social_vimeo_link": "",
    "share_image": "",
    "share_on_facebook": true,
    "share_twitter": true,
    "share_pinterest": true,
    "share_google": true,
    "not_found_image": "",
    "checkout_header_image": "",
    "checkout_logo_image": "",
    "checkout_logo_position": "left",
    "checkout_logo_size": "medium",
    "checkout_body_background_image": "",
    "checkout_body_background_color": "#fff",
    "checkout_input_background_color_mode": "white",
    "checkout_sidebar_background_image": "",
    "checkout_sidebar_background_color": "#fafafa",
    "checkout_heading_font": "-apple-system, BlinkMacSystemFont, 'Segoe UI', Roboto, Helvetica, Arial, sans-serif, 'Apple Color Emoji', 'Segoe UI Emoji', 'Segoe UI Symbol'",
    "checkout_body_font": "-apple-system, BlinkMacSystemFont, 'Segoe UI', Roboto, Helvetica, Arial, sans-serif, 'Apple Color Emoji', 'Segoe UI Emoji', 'Segoe UI Symbol'",
    "checkout_accent_color": "#197bbd",
    "checkout_button_color": "#197bbd",
    "checkout_error_color": "#e32c2b",
    "sections": {
      "header": {
        "type": "header",
        "settings": {
          "main_menu": "main-menu",
          "main_menu_alignment": "left",
          "mobile_menu": "main-menu"
        }
      },
      "footer": {
        "type": "footer",
        "blocks": {
          "footer-0": {
            "type": "footer-menu",
            "settings": {
              "title": "Menu",
              "menu_id": "footer"
            }
          },
          "1544503541503": {
            "type": "newsletter",
            "settings": {
              "title": "Join the newsletter",
              "info": "<p>Add some text here.<\/p>",
              "newsletter_form_action": ""
            }
          }
        },
        "block_order": [
          "footer-0",
          "1544503541503"
        ],
        "settings": {
          "show_payment_icons": true,
          "footer_copyright": "<p>© <a href='https:\/\/outlane.co'>Gravity Theme<\/a> by <a href='https:\/\/outlane.co'>Outlane<\/a>.<\/p>"
        }
      },
      "1544503898298": {
        "type": "hero",
        "settings": {
          "title": "Introduce Your Brand",
          "text": "<p>Sample text.<\/p>",
          "alignment": "left",
          "text_alignment": "left",
          "text_width": "1-2",
          "mobile_centered": false,
          "enable_custom_styles": true,
          "title_color": "",
          "text_color": "",
          "text_shadow": "none",
          "title_font_size": 42,
          "text_font_size": 18,
          "spacing_top": 50,
          "spacing_bottom": 50,
          "desktop_height": 600,
          "mobile_height": 400,
          "background_color": "",
          "background_image": "",
          "background_image_style": "cover",
          "parallax": false,
          "darken": 0,
          "background_video": false,
          "video_url": "https:\/\/www.youtube.com\/watch?v=_9VUPq3SxOc"
        }
      },
      "1544503937763": {
        "type": "recent-posts",
        "settings": {
          "title": "Latest News",
          "alignment": "center",
          "blog_name": "",
          "total": "3",
          "enable_custom_styles": true,
          "title_color": "",
          "heading_color": "",
          "text_color": "",
          "title_font_size": 28,
          "heading_font_size": 19,
          "text_font_size": 14,
          "spacing_top": 50,
          "spacing_bottom": 50,
          "background_color": "",
          "card_background_color": ""
        }
      },
      "1544503965369": {
        "type": "featured-collections",
        "settings": {
          "title": "Featured Collections",
          "alignment": "center",
          "is_carousel": true,
          "display_type": "all",
          "grid": "3",
          "sort": "alphabetical",
          "enable_custom_styles": true,
          "background_color": "",
          "card_background_color": "",
          "title_color": "",
          "title_font_size": 28,
          "collection_title_color": "",
          "collection_count_color": "",
          "spacing_top": 50,
          "spacing_bottom": 50
        }
      },
      "1544503981378": {
        "type": "featured-products",
        "settings": {
          "title": "Featured Products",
          "alignment": "center",
          "is_carousel": true,
          "collection": "",
          "grid": "4",
          "total": 4,
          "enable_custom_styles": true,
          "background_color": "",
          "card_background_color": "",
          "title_color": "",
          "title_font_size": 28,
          "product_title_color": "",
          "product_price_color": "",
          "spacing_top": 50,
          "spacing_bottom": 50
        }
      }
    },
    "content_for_index": [
      "1544503898298",
      "1544503981378",
      "1544503965369",
      "1544503937763"
    ]
  }
}
