[
  {
    "name": "theme_info",
    "theme_name": "gravity",
    "theme_author": "Outlane Themes",
    "theme_version": "2.2",
    "theme_documentation_url": "https://help.outlane.co/collection/14-gravity-theme",
    "theme_support_email": "support@outlane.co"
  },
  {
    "name": "Typography",
    "settings": [
      {
        "type": "font_picker",
        "id": "font_header_family",
        "label": "Font",
        "default": "open_sans_n7"
      },
      {
        "type": "range",
        "id": "font_page_title_size",
        "min": 16,
        "max": 72,
        "step": 1,
        "unit": "px",
        "label": "Page Title Size",
        "default": 36
      },
      {
        "type": "header",
        "content": "Body text"
      },
      {
        "type": "font_picker",
        "id": "font_body_family",
        "label": "Font",
        "default": "open_sans_n4"
      },
      {
        "type": "header",
        "content": "Buttons"
      },
      {
        "type": "range",
        "id": "font_button_size",
        "min": 10,
        "max": 32,
        "step": 1,
        "unit": "px",
        "label": "Button Text Size",
        "default": 14
      },
      {
        "type": "select",
        "id": "font_button_weight",
        "label": "Button Text Weight",
        "default": "bold",
        "options": [
          {
            "value": "normal",
            "label": "Normal"
          },
          {
            "value": "bold",
            "label": "Bold"
          }
        ]
      },
      {
        "type": "select",
        "id": "font_button_transform",
        "label": "Button Text Transform",
        "default": "uppercase",
        "options": [
          {
            "value": "none",
            "label": "None"
          },
          {
            "value": "uppercase",
            "label": "Uppercase"
          }
        ]
      },
      {
        "type": "header",
        "content": "Mobile Menu"
      },
      {
        "type": "range",
        "id": "font_mobile_menu_link_size",
        "min": 10,
        "max": 24,
        "step": 1,
        "unit": "px",
        "label": "Link Size",
        "default": 14
      },
      {
        "type": "select",
        "id": "font_mobile_menu_link_transform",
        "label": "Link Transform",
        "default": "none",
        "options": [
          {
            "value": "none",
            "label": "None"
          },
          {
            "value": "uppercase",
            "label": "Uppercase"
          }
        ]
      },
      {
        "type": "range",
        "id": "font_mobile_menu_dropdown_link_size",
        "min": 10,
        "max": 24,
        "step": 1,
        "unit": "px",
        "label": "Dropdown Link Size",
        "default": 14
      },
      {
        "type": "select",
        "id": "font_mobile_menu_dropdown_link_transform",
        "label": "Dropdown Link Transform",
        "default": "none",
        "options": [
          {
            "value": "none",
            "label": "None"
          },
          {
            "value": "uppercase",
            "label": "Uppercase"
          }
        ]
      },
      {
        "type": "header",
        "content": "Header"
      },
      {
        "type": "range",
        "id": "font_header_link_size",
        "min": 10,
        "max": 24,
        "step": 1,
        "unit": "px",
        "label": "Menu Link Size",
        "default": 14
      },
      {
        "type": "select",
        "id": "font_header_link_transform",
        "label": "Menu Link Transform",
        "default": "none",
        "options": [
          {
            "value": "none",
            "label": "None"
          },
          {
            "value": "uppercase",
            "label": "Uppercase"
          }
        ]
      },
      {
        "type": "range",
        "id": "font_header_dropdown_link_size",
        "min": 10,
        "max": 24,
        "step": 1,
        "unit": "px",
        "label": "Dropdown Menu Link Size",
        "default": 14
      },
      {
        "type": "select",
        "id": "font_header_dropdown_link_transform",
        "label": "Dropdown Menu Link Transform",
        "default": "none",
        "options": [
          {
            "value": "none",
            "label": "None"
          },
          {
            "value": "uppercase",
            "label": "Uppercase"
          }
        ]
      },
      {
        "type": "header",
        "content": "Mega Menu"
      },
      {
        "type": "range",
        "id": "font_mega_menu_title_size",
        "min": 10,
        "max": 32,
        "step": 1,
        "unit": "px",
        "label": "Widget Title Size",
        "default": 13
      },
      {
        "type": "select",
        "id": "font_mega_menu_title_weight",
        "label": "Widget Title Weight",
        "default": "bold",
        "options": [
          {
            "value": "normal",
            "label": "Normal"
          },
          {
            "value": "bold",
            "label": "Bold"
          }
        ]
      },
      {
        "type": "select",
        "id": "font_mega_menu_title_transform",
        "label": "Widget Title Transform",
        "default": "uppercase",
        "options": [
          {
            "value": "none",
            "label": "None"
          },
          {
            "value": "uppercase",
            "label": "Uppercase"
          }
        ]
      },
      {
        "type": "range",
        "id": "font_mega_menu_text_size",
        "min": 10,
        "max": 24,
        "step": 1,
        "unit": "px",
        "label": "Text Size",
        "default": 16
      },
      {
        "type": "select",
        "id": "font_mega_menu_link_weight",
        "label": "Menu Item Weight",
        "default": "normal",
        "options": [
          {
            "value": "normal",
            "label": "Normal"
          },
          {
            "value": "bold",
            "label": "Bold"
          }
        ]
      },
      {
        "type": "select",
        "id": "font_mega_menu_link_transform",
        "label": "Menu Item Transform",
        "default": "none",
        "options": [
          {
            "value": "none",
            "label": "None"
          },
          {
            "value": "uppercase",
            "label": "Uppercase"
          }
        ]
      },
      {
        "type": "header",
        "content": "Footer"
      },
      {
        "type": "range",
        "id": "font_footer_title_size",
        "min": 10,
        "max": 32,
        "step": 1,
        "unit": "px",
        "label": "Widget Title Size",
        "default": 12
      },
      {
        "type": "select",
        "id": "font_footer_title_weight",
        "label": "Widget Title Weight",
        "default": "bold",
        "options": [
          {
            "value": "normal",
            "label": "Normal"
          },
          {
            "value": "bold",
            "label": "Bold"
          }
        ]
      },
      {
        "type": "select",
        "id": "font_footer_title_transform",
        "label": "Widget Title Transform",
        "default": "uppercase",
        "options": [
          {
            "value": "none",
            "label": "None"
          },
          {
            "value": "uppercase",
            "label": "Uppercase"
          }
        ]
      },
      {
        "type": "range",
        "id": "font_footer_text_size",
        "min": 10,
        "max": 24,
        "step": 1,
        "unit": "px",
        "label": "Footer Text Size",
        "default": 14
      },
      {
        "type": "header",
        "content": "Collection Page"
      },
      {
        "type": "range",
        "id": "font_collection_product_title_size",
        "min": 12,
        "max": 64,
        "step": 1,
        "unit": "px",
        "label": "Product Title Size",
        "default": 15
      },
      {
        "type": "select",
        "id": "font_collection_product_title_weight",
        "label": "Product Title Weight",
        "default": "bold",
        "options": [
          {
            "value": "normal",
            "label": "Normal"
          },
          {
            "value": "bold",
            "label": "Bold"
          }
        ]
      },
      {
        "type": "select",
        "id": "font_collection_product_title_transform",
        "label": "Product Title Transform",
        "default": "none",
        "options": [
          {
            "value": "none",
            "label": "None"
          },
          {
            "value": "uppercase",
            "label": "Uppercase"
          }
        ]
      },
      {
        "type": "range",
        "id": "font_collection_product_price_size",
        "min": 10,
        "max": 64,
        "step": 1,
        "unit": "px",
        "label": "Product Price Size",
        "default": 15
      },
      {
        "type": "select",
        "id": "font_collection_product_price_weight",
        "label": "Product Price Weight",
        "default": "bold",
        "options": [
          {
            "value": "normal",
            "label": "Normal"
          },
          {
            "value": "bold",
            "label": "Bold"
          }
        ]
      },
      {
        "type": "header",
        "content": "Collection Sidebar"
      },
      {
        "type": "range",
        "id": "font_collection_sidebar_title_size",
        "min": 12,
        "max": 64,
        "step": 1,
        "unit": "px",
        "label": "Widget Title Size",
        "default": 14
      },
      {
        "type": "select",
        "id": "font_collection_sidebar_title_transform",
        "label": "Widget Title Transform",
        "default": "uppercase",
        "options": [
          {
            "value": "none",
            "label": "None"
          },
          {
            "value": "uppercase",
            "label": "Uppercase"
          }
        ]
      },
      {
        "type": "range",
        "id": "font_collection_sidebar_text_size",
        "min": 10,
        "max": 64,
        "step": 1,
        "unit": "px",
        "label": "Sidebar Text Size",
        "default": 15
      },
      {
        "type": "header",
        "content": "Product Page"
      },
      {
        "type": "range",
        "id": "font_product_title_size",
        "min": 12,
        "max": 100,
        "step": 1,
        "unit": "px",
        "label": "Product Title Size",
        "default": 36
      },
      {
        "type": "select",
        "id": "font_product_title_transform",
        "label": "Product Title Transform",
        "default": "none",
        "options": [
          {
            "value": "none",
            "label": "None"
          },
          {
            "value": "uppercase",
            "label": "Uppercase"
          }
        ]
      },
      {
        "type": "range",
        "id": "font_product_buy_box_title_size",
        "min": 12,
        "max": 100,
        "step": 1,
        "unit": "px",
        "label": "Product Buy Box Title Size",
        "default": 24
      },
      {
        "type": "range",
        "id": "font_product_price_size",
        "min": 12,
        "max": 100,
        "step": 1,
        "unit": "px",
        "label": "Product Price Size",
        "default": 24
      },
      {
        "type": "range",
        "id": "font_product_tabs_title_size",
        "min": 12,
        "max": 100,
        "step": 1,
        "unit": "px",
        "label": "Description Tabs Title Size",
        "default": 15
      },
      {
        "type": "select",
        "id": "font_product_tabs_title_transform",
        "label": "Description Tabs Title Transform",
        "default": "none",
        "options": [
          {
            "value": "none",
            "label": "None"
          },
          {
            "value": "uppercase",
            "label": "Uppercase"
          }
        ]
      },
      {
        "type": "range",
        "id": "font_product_tabs_content_size",
        "min": 12,
        "max": 100,
        "step": 1,
        "unit": "px",
        "label": "Description Tabs Content Size",
        "default": 16
      },
      {
        "type": "header",
        "content": "Cookie Bar"
      },
      {
        "type": "range",
        "id": "font_cookie_bar_text",
        "min": 12,
        "max": 24,
        "step": 1,
        "unit": "px",
        "label": "Cookie Bar Text Size",
        "default": 15
      }
    ]
  },
  {
    "name": "Colors and Styles",
    "settings": [
      {
        "type": "header",
        "content": "Body"
      },
      {
        "type": "color",
        "id": "color_bg",
        "label": "Background Color",
        "default": "#24252E"
      },
      {
        "type": "color",
        "id": "color_title",
        "label": "Title Color",
        "default": "#dadce8"
      },
      {
        "type": "color",
        "id": "color_text",
        "label": "Text Color",
        "default": "#c5c9d6"
      },
      {
        "type": "range",
        "id": "style_border_radius",
        "min": 0,
        "max": 10,
        "step": 1,
        "unit": "px",
        "label": "Global Border Radius",
        "default": 4
      },
      {
        "type": "header",
        "content": "Links and Buttons"
      },
      {
        "type": "color",
        "id": "color_link",
        "label": "Link Color",
        "default": "#c5c9d6"
      },
      {
        "type": "select",
        "id": "link_style",
        "label": "Link in Text Style",
        "default": "underline",
        "options": [
          {
            "value": "colored",
            "label": "Colored"
          },
          {
            "value": "underline",
            "label": "Underline"
          },
          {
            "value": "colored_underline",
            "label": "Colored and Underline"
          }
        ]
      },
      {
        "type": "color",
        "id": "color_btn_bg",
        "label": "Button Background Color",
        "default": "#4759cc"
      },
      {
        "type": "color",
        "id": "color_btn_text",
        "label": "Button Text Color",
        "default": "#ffffff"
      },
      {
        "type": "range",
        "id": "style_button_radius",
        "min": 0,
        "max": 100,
        "step": 1,
        "unit": "px",
        "label": "Button Radius",
        "default": 50
      },
      {
        "type": "header",
        "content": "Forms"
      },
      {
        "type": "color",
        "id": "color_field_label",
        "label": "Label Color",
        "default": "#aeb1bd"
      },
      {
        "type": "color",
        "id": "color_field_bg",
        "label": "Form Field Background",
        "default": "#333440"
      },
      {
        "type": "color",
        "id": "color_field_text",
        "label": "Form Field Text Color",
        "default": "#C5C9D6"
      },
      {
        "type": "color",
        "id": "color_field_placeholder",
        "label": "Form Field Placeholder Color",
        "default": "#727482"
      },
      {
        "type": "header",
        "content": "Header"
      },
      {
        "type": "color",
        "id": "color_header_bg",
        "label": "Header Background",
        "default": "#1e2128"
      },
      {
        "type": "color",
        "id": "color_header_link",
        "label": "Header Link ",
        "default": "#c9ccd6"
      },
      {
        "type": "color",
        "id": "color_header_active_link",
        "label": "Active Link",
        "default": "#ffffff"
      },
      {
        "type": "color",
        "id": "color_header_dropdown_bg",
        "label": "Dropdown Menu",
        "default": "#262a33"
      },
      {
        "type": "color",
        "id": "color_header_dropdown_link",
        "label": "Dropdown Menu Link",
        "default": "#c9ccd6"
      },
      {
        "type": "color",
        "id": "color_header_cart_count_bg",
        "label": "Cart Count Color",
        "default": "#1247EB"
      },
      {
        "type": "header",
        "content": "Mega Menu Colors"
      },
      {
        "type": "color",
        "id": "color_mega_menu_bg",
        "label": "Mega Menu Background",
        "default": "#14151C"
      },
      {
        "type": "color",
        "id": "color_mega_menu_title",
        "label": "Widget Title",
        "default": "#9DA1B3"
      },
      {
        "type": "color",
        "id": "color_mega_menu_text",
        "label": "Text",
        "default": "#C3C7D9"
      },
      {
        "type": "color",
        "id": "color_mega_menu_link",
        "label": "Link",
        "default": "#CCD0E3"
      },
      {
        "type": "header",
        "content": "Mobile Menu Sidebar"
      },
      {
        "type": "color",
        "id": "color_mobile_sidebar_bg",
        "label": "Mobile Menu Background Color",
        "default": "#2d2f38"
      },
      {
        "type": "color",
        "id": "color_mobile_sidebar_text",
        "label": "Mobile Menu Text Color",
        "default": "#dfe0e8"
      },
      {
        "type": "color",
        "id": "color_mobile_sidebar_link",
        "label": "Mobile Menu Link Color",
        "default": "#c9ccd6"
      },
      {
        "type": "header",
        "content": "Cart Sidebar"
      },
      {
        "type": "color",
        "id": "color_cart_sidebar_bg",
        "label": "Cart Sidebar Background Color",
        "default": "#2d2f38"
      },
      {
        "type": "color",
        "id": "color_cart_sidebar_title",
        "label": "Cart Sidebar Title Color",
        "default": "#dfe0e8"
      },
      {
        "type": "color",
        "id": "color_cart_sidebar_text",
        "label": "Cart Sidebar Text Color",
        "default": "#dfe0e8"
      },
      {
        "type": "color",
        "id": "color_cart_sidebar_product",
        "label": "Cart Sidebar Product Name Color",
        "default": "#c9ccd6"
      },
      {
        "type": "color",
        "id": "color_cart_sidebar_price",
        "label": "Cart Sidebar Price Color",
        "default": "#c9ccd6"
      },
      {
        "type": "color",
        "id": "color_cart_sidebar_btn_bg",
        "label": "Checkout Button Background",
        "default": "#4759cc"
      },
      {
        "type": "color",
        "id": "color_cart_sidebar_btn",
        "label": "Checkout Button Text",
        "default": "#ffffff"
      },
      {
        "type": "header",
        "content": "Footer"
      },
      {
        "type": "color",
        "id": "color_footer_bg",
        "label": "Footer Background Color",
        "default": "#1E1F26"
      },
      {
        "type": "color",
        "id": "color_footer_title",
        "label": "Widget Title Color",
        "default": "#c3c7d9"
      },
      {
        "type": "color",
        "id": "color_footer_text",
        "label": "Widget Text Color",
        "default": "#878a99"
      },
      {
        "type": "color",
        "id": "color_footer_link",
        "label": "Link Color",
        "default": "#9da1b3"
      },
      {
        "type": "color",
        "id": "color_footer_copyright_bg",
        "label": "Copyright Background",
        "default": "#1A1B21"
      },
      {
        "type": "color",
        "id": "color_footer_copyright",
        "label": "Copyright Color",
        "default": "#727480"
      },
      {
        "type": "header",
        "content": "Blog"
      },
      {
        "type": "color",
        "id": "color_blog_card_bg",
        "label": "Blog Post Card Background",
        "default": "#2d2f38"
      },
      {
        "type": "color",
        "id": "color_blog_card_title",
        "label": "Blog Post Card Title",
        "default": "#dadce8"
      },
      {
        "type": "color",
        "id": "color_blog_card_info",
        "label": "Blog Post Card Info",
        "default": "#9da0b2"
      },
      {
        "type": "color",
        "id": "color_blog_article_date",
        "label": "Article Date Color",
        "default": "#c9cbd6"
      },
      {
        "type": "color",
        "id": "color_blog_sidebar",
        "label": "Blog Sidebar Text",
        "default": "#9da0b2"
      },
      {
        "type": "color",
        "id": "color_blog_sidebar_title",
        "label": "Blog Sidebar Title",
        "default": "#bbbec7"
      },
      {
        "type": "color",
        "id": "color_blog_sidebar_link",
        "label": "Blog Sidebar Link",
        "default": "#9da1b3"
      },
      {
        "type": "header",
        "content": "Collection"
      },
      {
        "type": "color",
        "id": "color_collection_product_card_bg",
        "label": "Product Card Background",
        "default": "#30313b"
      },
      {
        "type": "color",
        "id": "color_collection_product_card_title",
        "label": "Product Card Title",
        "default": "#d3d7f0"
      },
      {
        "type": "color",
        "id": "color_collection_product_card_price",
        "label": "Product Card Price",
        "default": "#8c9cff"
      },
      {
        "type": "color",
        "id": "color_collection_product_card_old_price",
        "label": "Collection Product Card Old Price",
        "default": "#878a99",
        "info": "Color for the regular price if the product is on sale."
      },
      {
        "type": "color",
        "id": "color_collection_sale_badge_bg",
        "label": "Sale Badge Background",
        "default": "#4759cc"
      },
      {
        "type": "color",
        "id": "color_collection_soldout_badge_bg",
        "label": "Soldout Badge Background",
        "default": "#ff5147"
      },
      {
        "type": "color",
        "id": "color_collection_badge",
        "label": "Badge Text Color",
        "default": "#ffffff"
      },
      {
        "type": "header",
        "content": "Collection Sidebar"
      },
      {
        "type": "color",
        "id": "color_collection_sidebar",
        "label": "Sidebar Text",
        "default": "#9294a6"
      },
      {
        "type": "color",
        "id": "color_collection_sidebar_title",
        "label": "Sidebar Title",
        "default": "#C9CBD6"
      },
      {
        "type": "color",
        "id": "color_collection_sidebar_link",
        "label": "Sidebar Link",
        "default": "#ABADC2"
      },
      {
        "type": "color",
        "id": "color_collection_sidebar_active_link",
        "label": "Sidebar Active Link",
        "default": "#C9CBD6"
      },
      {
        "type": "header",
        "content": "Product Page"
      },
      {
        "type": "color",
        "id": "color_product_title",
        "label": "Poduct Title Color",
        "default": "#dadce8"
      },
      {
        "type": "color",
        "id": "color_product_header_bg",
        "label": "Product Page Header Background",
        "default": "#1e2128"
      },
      {
        "type": "color",
        "id": "color_product_vendor",
        "label": "Poduct Vendor Color",
        "default": "#9da0b2"
      },
      {
        "type": "color",
        "id": "color_product_images_bg",
        "label": "Poduct Images Background",
        "default": "#1a1b21"
      },
      {
        "type": "color",
        "id": "color_product_images_nav_btn_bg",
        "label": "Poduct Images Nav Button Background",
        "default": "#e0e4ff"
      },
      {
        "type": "color",
        "id": "color_product_images_nav_btn",
        "label": "Poduct Images Nav Button Text",
        "default": "#2c2d36"
      },
      {
        "type": "color",
        "id": "color_product_buy_box_bg",
        "label": "Poduct Buy-box Background",
        "default": "#2d2e38"
      },
      {
        "type": "color",
        "id": "color_product_buy_box_title",
        "label": "Poduct Buy-box Title",
        "default": "#dadce8"
      },
      {
        "type": "color",
        "id": "color_product_buy_box_price",
        "label": "Poduct Buy-box Price",
        "default": "#8c9cff"
      },
      {
        "type": "color",
        "id": "color_product_buy_box_label",
        "label": "Poduct Buy-box Variants Label",
        "default": "#aeb1bd"
      },
      {
        "type": "color",
        "id": "color_product_buy_btn_bg",
        "label": "Add To Cart Button Background",
        "default": "#4759cc"
      },
      {
        "type": "color",
        "id": "color_product_buy_btn",
        "label": "Add To Cart Button Text",
        "default": "#ffffff"
      },
      {
        "type": "color",
        "id": "color_product_dynamic_buy_bg",
        "label": "Dynamic Checkout Button Background",
        "default": "#02bb89"
      },
      {
        "type": "color",
        "id": "color_product_dynamic_buy_text",
        "label": "Dynamic Checkout Button Text",
        "default": "#fff"
      },
      {
        "type": "color",
        "id": "color_product_tabs_bg",
        "label": "Product Tabs Background",
        "default": "#2d2e38"
      },
      {
        "type": "color",
        "id": "color_product_tabs_text",
        "label": "Product Tabs Text",
        "default": "#c5c9d6"
      },
      {
        "type": "header",
        "content": "Quick Add To Card Button"
      },
      {
        "type": "color",
        "id": "color_quick_add_to_cart_btn_bg",
        "label": "Add To Cart Button Background",
        "default": "#02bb89"
      },
      {
        "type": "color",
        "id": "color_quick_add_to_cart_btn_text",
        "label": "Add To Cart Button Text",
        "default": "#fff"
      },
      {
        "type": "header",
        "content": "Cookie Bar"
      },
      {
        "type": "color",
        "id": "color_cookie_bar_bg",
        "label": "Cookie Bar Background",
        "default": "#0C0D16"
      },
      {
        "type": "color",
        "id": "color_cookie_bar_text",
        "label": "Cookie Bar Text",
        "default": "#DADCE8"
      },
      {
        "type": "color",
        "id": "color_cookie_bar_button_bg",
        "label": "Button Background",
        "default": "#4759CC"
      },
      {
        "type": "color",
        "id": "color_cookie_bar_button_text",
        "label": "Button Text",
        "default": "#fff"
      },
      {
        "type": "select",
        "id": "style_cookie_bar_button",
        "label": "Button Style",
        "default": "full",
        "options": [
          {
            "value": "full",
            "label": "Filled"
          },
          {
            "value": "hollow",
            "label": "Hollow"
          }
        ]
      }
    ]
  },
  {
    "name": "General",
    "settings": [
      {
        "type": "header",
        "content": "Layout"
      },
      {
        "type": "range",
        "id": "layout_width",
        "min": 1200,
        "max": 1500,
        "step": 5,
        "unit": "px",
        "label": "Layout Width (max)",
        "default": 1280
      },
      {
        "type": "html",
        "id": "head_custom_code",
        "label": "Custom code in <head>",
        "info": "Insert custom HTML/JS code in <head> tag of every page"
      },
      {
        "type": "html",
        "id": "head_custom_css",
        "label": "Custom CSS",
        "info": "Insert custom CSS code in <head> tag of every page"
      },
      {
        "type": "checkbox",
        "id": "enable_animated_icons",
        "label": "Enable Animated Icons Support",
        "default": false
      }
    ]
  },
  {
    "name": "Header and Mobile Menu",
    "settings": [
      {
        "type": "header",
        "content": "Mobile Menu Sidebar"
      },
      {
        "type": "checkbox",
        "id": "show_mobile_sidebar_search",
        "label": "Show Search Form",
        "default": true
      },
      {
        "type": "checkbox",
        "id": "show_mobile_sidebar_social",
        "label": "Show Social Links",
        "default": true
      },
      {
        "type": "header",
        "content": "Header Settings"
      },
      {
        "type": "checkbox",
        "id": "fixed_header",
        "label": "Jump/Sticky header on scroll",
        "default": true
      },
      {
        "type": "select",
        "id": "header_search",
        "label": "Display Search",
        "options": [
          {
            "value": "none",
            "label": "None"
          },
          {
            "value": "link",
            "label": "Search Link"
          },
          {
            "value": "field",
            "label": "Search Field"
          }
        ],
        "default": "link"
      },
      {
        "type": "checkbox",
        "id": "header_cart_link_total",
        "label": "Display Cart Total",
        "default": true,
        "info": "Total price will be displayed near cart icon link if the cart is not empty."
      },
      {
        "type": "range",
        "id": "main_header_height",
        "min": 60,
        "max": 90,
        "step": 1,
        "unit": "px",
        "label": "Header Height",
        "default": 60
      },
      {
        "type": "header",
        "content": "Logo"
      },
      {
        "type": "checkbox",
        "id": "logo_use_image",
        "label": "Use Custom Logo",
        "default": true
      },
      {
        "type": "image_picker",
        "id": "logo_image",
        "label": "Logo",
        "info": "Recommended: 450 x 200px .png"
      },
      {
        "type": "range",
        "id": "logo_maximum_width",
        "min": 80,
        "max": 220,
        "step": 5,
        "unit": "px",
        "label": "Logo Width",
        "default": 155
      },
      {
        "type": "header",
        "content": "Favicon"
      },
      {
        "type": "checkbox",
        "id": "favicon_enable",
        "label": "Use Custom Icon"
      },
      {
        "type": "image",
        "id": "favicon.png",
        "label": "Icon",
        "max-width": 32,
        "max-height": 32,
        "info": "32 x 32px .png required"
      }
    ]
  },
  {
    "name": "Currency Switcher",
    "settings": [
      {
        "type": "header",
        "content": "Currency Switcher"
      },
      {
        "type": "checkbox",
        "id": "enable_currency_switch",
        "label": "Show Currency Switcher",
        "default": true,
        "info": "Even though prices are displayed in different currencies, orders will still be processed in your store's currency."
      },
      {
        "type": "text",
        "id": "supported_currencies",
        "label": "The list of enabled currencies",
        "default": "USD EUR CAD AUD INR GBP JPY",
        "info": "Use the country's ISO [currency code](http://www.xe.com/iso4217.php). Separate your currency codes with a space."
      }
    ]
  },
  {
    "name": "Google Maps",
    "settings": [
      {
        "type": "text",
        "id": "gmap_api_key",
        "label": "Google Maps API key",
        "info": "You’ll need to [register a Google Maps API Key](https://help.shopify.com/manual/using-themes/troubleshooting/map-section-api-key) to display the map"
      }
    ]
  },
  {
    "name": "Blog",
    "settings": [
      {
        "type": "header",
        "content": "Blog Page Settings"
      },
      {
        "type": "checkbox",
        "id": "blog_enable_sidebar",
        "label": "Enable Sidebar",
        "default": true
      },
      {
        "type": "range",
        "id": "blog_posts_count",
        "min": 1,
        "max": 24,
        "step": 1,
        "label": "Posts on a page",
        "default": 5
      },
      {
        "type": "checkbox",
        "id": "blog_post_author",
        "label": "Display post's author",
        "default": true
      },
      {
        "type": "checkbox",
        "id": "blog_post_tags",
        "label": "Display post's tags",
        "default": true
      },
      {
        "type": "header",
        "content": "Article Page Settings"
      },
      {
        "type": "checkbox",
        "id": "article_enable_sidebar",
        "label": "Enable Sidebar",
        "default": true
      },
      {
        "type": "checkbox",
        "id": "article_post_author",
        "label": "Display post's author",
        "default": true
      },
      {
        "type": "checkbox",
        "id": "article_post_tags",
        "label": "Display post's tags",
        "default": true
      },
      {
        "type": "checkbox",
        "id": "article_share_buttons",
        "label": "Show Share Buttons",
        "default": true
      }
    ]
  },
  {
    "name": "Collection",
    "settings": [
      {
        "type": "checkbox",
        "id": "enable_collection_sidebar",
        "label": "Enable Collection Sidebar",
        "default": true
      },
      {
        "type": "select",
        "id": "collection_row_mobile",
        "label": "Products in a row (Mobile)",
        "options": [
          {
            "value": "1",
            "label": "1"
          },
          {
            "value": "2",
            "label": "2"
          }
        ],
        "default": "2"
      },
      {
        "type": "select",
        "id": "collection_row_tablet",
        "label": "Products in a row (Tablet)",
        "options": [
          {
            "value": "1",
            "label": "1"
          },
          {
            "value": "2",
            "label": "2"
          },
          {
            "value": "3",
            "label": "3"
          },
          {
            "value": "4",
            "value": "4"
          }
        ],
        "default": "2"
      },
      {
        "type": "select",
        "id": "collection_row_desktop",
        "label": "Products in a row (Desktop)",
        "options": [
          {
            "value": "2",
            "label": "2"
          },
          {
            "value": "3",
            "label": "3"
          },
          {
            "value": "4",
            "label": "4"
          }
        ],
        "default": "3"
      },
      {
        "type": "range",
        "id": "collection_items_count",
        "min": 1,
        "max": 100,
        "step": 1,
        "label": "Products on a page",
        "default": 12
      },
      {
        "type": "header",
        "content": "Quick Add To Cart Button",
        "info": "Enable this feature in order to display \"Add To Cart\" button for products on collection pages."
      },
      {
        "type": "checkbox",
        "id": "enable_quick_add_to_cart",
        "label": "Enable Quick Add To Cart",
        "default": false
      },
      {
        "type": "text",
        "id": "see_buying_options_button_text",
        "label": "Product Variants Button Text",
        "default": "Buying Options",
        "info": "This button will be displayed if a product has more than one variant."
      },
      {
        "type": "header",
        "content": "Product Badges",
        "info": "\"On Sale\", \"Out of Stock\""
      },
      {
        "type": "checkbox",
        "id": "show_product_badges",
        "label": "Display Product Badges",
        "default": true
      }
    ]
  },
  {
    "name": "Product page",
    "settings": [
      {
        "type": "checkbox",
        "id": "enable_color_swatches",
        "label": "Enable Color Swatches",
        "default": true
      },
      {
        "type": "checkbox",
        "id": "enable_img_zoom",
        "label": "Enable Image Zoom",
        "default": true
      },
      {
        "type": "checkbox",
        "id": "add_spr_markup",
        "label": "Add Shopify Product Reviews Markup",
        "default": false
      }
    ]
  },
  {
    "name": "Cart",
    "settings": [
      {
        "type": "checkbox",
        "id": "cart_notes_enable",
        "label": "Enable Cart Notes"
      },
      {
        "type": "checkbox",
        "id": "cart_vendor_enable",
        "label": "Show Product Vendor",
        "default": true
      },
      {
        "type": "select",
        "id": "ajax_cart_method",
        "label": "Cart Type",
        "options": [
          {
            "value": "drawer",
            "label": "Drawer"
          },
          {
            "value": "page",
            "label": "Page"
          }
        ]
      }
    ]
  },
  {
    "name": "Social Media",
    "settings": [
      {
        "type": "header",
        "content": "Social Media Links"
      },
      {
        "type": "text",
        "id": "social_twitter_link",
        "label": "Twitter URL",
        "info": "https:\/\/twitter.com\/shopify"
      },
      {
        "type": "text",
        "id": "social_facebook_link",
        "label": "Facebook URL",
        "info": "https:\/\/www.facebook.com\/shopify"
      },
      {
        "type": "text",
        "id": "social_pinterest_link",
        "label": "Pinterest",
        "info": "https://pinterest.com/shopify"
      },
      {
        "type": "text",
        "id": "social_instagram_link",
        "label": "Instagram",
        "info": "http://instagram.com/shopify"
      },
      {
        "type": "text",
        "id": "social_tumblr_link",
        "label": "Tumblr",
        "info": "http://shopify.tumblr.com"
      },
      {
        "type": "text",
        "id": "social_youtube_link",
        "label": "YouTube",
        "info": "https://www.youtube.com/shopify"
      },
      {
        "type": "text",
        "id": "social_vimeo_link",
        "label": "Vimeo",
        "info": "https://vimeo.com/shopify"
      },
      {
        "type": "header",
        "content": "Social Sharing Image"
      },
      {
        "type": "image_picker",
        "id": "share_image",
        "label": "Image",
        "info": "A default image that is shown when sharing a link on social media."
      },
      {
        "type": "header",
        "content": "Share buttons"
      },
      {
        "type": "checkbox",
        "id": "share_on_facebook",
        "label": "Share on Facebook",
        "default": true
      },
      {
        "type": "checkbox",
        "id": "share_twitter",
        "label": "Share on Twitter",
        "default": true
      },
      {
        "type": "checkbox",
        "id": "share_pinterest",
        "label": "Share on Pinterest",
        "default": true
      }
    ]
  },
  {
    "name": "Cookie Bar",
    "settings": [
      {
        "type": "checkbox",
        "id": "enable_cookie_bar",
        "label": "Enable Cookie Bar",
        "default": false
      },
      {
        "type": "checkbox",
        "id": "editor_cookie_bar_show",
        "label": "Always Visible in Theme Editor",
        "default": true
      },
      {
        "type": "checkbox",
        "id": "show_cookie_icon",
        "label": "Show Cookie Icon",
        "default": true
      },
      {
        "type": "richtext",
        "id": "cookie_bar_text",
        "label": "Cookie Bar Text",
        "default": "<p>Cookie Policy: we use cookies to ensure you get the best experience on our website.</p>"
      },
      {
        "type": "url",
        "id": "cookie_page_link",
        "label": "Cookie Policy Page Link"
      },
      {
        "type": "text",
        "id": "cookie_bar_link_text",
        "label": "Link Text",
        "default": "Learn More"
      },
      {
        "type": "text",
        "id": "cookie_bar_button_title",
        "label": "Button Title",
        "default": "Got It!",
        "info": "If the user clicks this button, the cookie bar will disappear."
      }
    ]
  },
  {
    "name": "404 Page",
    "settings": [
      {
        "type": "image_picker",
        "id": "not_found_image",
        "label": "Use Custom Image"
      }
    ]
  }
]
