{
  "sections": {
    "hero": {
      "type": "hero",
      "settings": {
        "badge": "Trusted Life Safety Equipment",
        "title": "AEDs for Every School, Business & Community",
        "text": "Life-saving AEDs don't have to break the budget. As authorized dealers, we make preparedness affordable and accessible.",
        "button_1_text": "Shop AEDs",
        "button_1_link": "shopify://collections/all",
        "button_2_text": "Request a Quote",
        "button_2_link": "/pages/contact"
      }
    },
    "trust-bar": {
      "type": "trust-bar",
      "disabled": false,
      "settings": {}
    },
    "featured": {
      "type": "featured-collection",
      "settings": {
        "title": "Featured Products",
        "subtitle": "Quality life safety equipment from trusted brands",
        "limit": 4,
        "columns": 4,
        "show_view_all": true
      }
    },
    "icon-columns": {
      "type": "icon-columns",
      "settings": {
        "title": "Why Choose AED Empire?",
        "columns": 4,
        "alt_bg": true
      },
      "blocks": {
        "block1": {"type": "column", "settings": {"icon": "shield", "title": "FDA Registered", "text": "All products meet FDA safety standards"}},
        "block2": {"type": "column", "settings": {"icon": "award", "title": "Authorized Dealer", "text": "Official dealer for top AED brands"}},
        "block3": {"type": "column", "settings": {"icon": "truck", "title": "Free Shipping", "text": "On orders over $500"}},
        "block4": {"type": "column", "settings": {"icon": "phone", "title": "Expert Support", "text": "Knowledgeable team ready to help"}}
      },
      "block_order": ["block1", "block2", "block3", "block4"]
    },
    "cta-bar": {
      "type": "cta-bar",
      "settings": {
        "title": "Need Help Choosing the Right AED?",
        "text": "Our experts are ready to help you find the perfect solution.",
        "button_text": "Get Expert Advice",
        "button_link": "/pages/contact",
        "phone": true
      }
    },
    "image-text": {
      "type": "image-with-text",
      "settings": {
        "image_position": "left",
        "subheading": "Our Mission",
        "title": "Making Life Safety Accessible",
        "text": "<p>We believe every school, business, and community should have access to quality life-saving equipment without breaking the bank. That's why we partner directly with top manufacturers to offer the best prices.</p>",
        "button_text": "About Us",
        "button_link": "/pages/about"
      }
    },
    "testimonials": {
      "type": "testimonials",
      "settings": {
        "title": "What Our Customers Say",
        "alt_bg": true
      },
      "blocks": {
        "t1": {"type": "testimonial", "settings": {"quote": "Excellent products and outstanding customer service. The AED arrived quickly and the team walked us through setup.", "author": "John Smith", "title": "Safety Director, ABC Company"}},
        "t2": {"type": "testimonial", "settings": {"quote": "Best prices I found anywhere and they made sure we got exactly what we needed for our school.", "author": "Sarah Johnson", "title": "Principal, Lincoln Elementary"}},
        "t3": {"type": "testimonial", "settings": {"quote": "Their expertise really helped us choose the right equipment for our community center.", "author": "Mike Williams", "title": "Recreation Director"}}
      },
      "block_order": ["t1", "t2", "t3"]
    },
    "newsletter": {
      "type": "newsletter",
      "settings": {
        "title": "Stay Prepared",
        "text": "Subscribe to receive safety tips, product updates, and exclusive offers."
      }
    }
  },
  "order": ["hero", "trust-bar", "featured", "icon-columns", "cta-bar", "image-text", "testimonials", "newsletter"]
}
