Handle,Title,Body (HTML),Vendor,Type,Tags,Published,Option1 Name,Option1 Value,Option2 Name,Option2 Value,Option3 Name,Option3 Value,Variant SKU,Variant Grams,Variant Inventory Tracker,Variant Inventory Qty,Variant Inventory Policy,Variant Fulfillment Service,Variant Price,Variant Compare At Price,Variant Requires Shipping,Variant Taxable,Variant Barcode,Image Src,Image Position,Image Alt Text,Gift Card,SEO Title,SEO Description,Google Shopping / Google Product Category,Google Shopping / Gender,Google Shopping / Age Group,Google Shopping / MPN,Google Shopping / AdWords Grouping,Google Shopping / AdWords Labels,Google Shopping / Condition,Google Shopping / Custom Product,Google Shopping / Custom Label 0,Google Shopping / Custom Label 1,Google Shopping / Custom Label 2,Google Shopping / Custom Label 3,Google Shopping / Custom Label 4,Variant Image,Variant Weight Unit,Variant Tax Code
amazon-echo-2nd-generation,Echo 2nd Generation,"<p>Echo (2nd Gen) has a new speaker, new design, and is available in a range of styles including fabrics and wood veneers. Echo connects to Alexa to play music, make calls, set music alarms and timers, ask questions, control smart home devices, and more—instantly.</p>
<p><em>This is a demonstration store. You can purchase this product at <a href=""https://amazon.com"" target=""_blank"" title=""Amazon"" rel=""noopener noreferrer"">Amazon</a>.</em></p>",Amazon,"","",true,Color,Charcoal,Configuration,Echo,,,"",0,,1,deny,manual,99.00,,true,true,"",https://cdn.shopify.com/s/files/1/0070/7588/9209/products/1.jpg?v=1535531190,1,,false,,,,,,,,,,,,,,,,https://cdn.shopify.com/s/files/1/0070/7588/9209/products/1.jpg?v=1535531190,kg,
amazon-echo-2nd-generation,,,,,,,,Charcoal,,Echo + Echo Dot (black),,,"",0,,0,deny,manual,149.00,,true,true,"",https://cdn.shopify.com/s/files/1/0070/7588/9209/products/2.jpg?v=1535531192,2,,,,,,,,,,,,,,,,,,https://cdn.shopify.com/s/files/1/0070/7588/9209/products/6.jpg?v=1535531196,kg,
amazon-echo-2nd-generation,,,,,,,,Charcoal,,Echo + Echo Dot (white),,,"",0,,0,deny,manual,149.00,,true,true,"",https://cdn.shopify.com/s/files/1/0070/7588/9209/products/3.jpg?v=1535531193,3,,,,,,,,,,,,,,,,,,https://cdn.shopify.com/s/files/1/0070/7588/9209/products/11.jpg?v=1535531201,kg,
amazon-echo-2nd-generation,,,,,,,,Heather Gray,,Echo,,,"",0,,0,deny,manual,99.00,,true,true,"",https://cdn.shopify.com/s/files/1/0070/7588/9209/products/4.jpg?v=1535531194,4,,,,,,,,,,,,,,,,,,https://cdn.shopify.com/s/files/1/0070/7588/9209/products/2.jpg?v=1535531192,kg,
amazon-echo-2nd-generation,,,,,,,,Heather Gray,,Echo + Echo Dot (black),,,"",0,,0,deny,manual,149.00,,true,true,"",https://cdn.shopify.com/s/files/1/0070/7588/9209/products/5.jpg?v=1535531195,5,,,,,,,,,,,,,,,,,,https://cdn.shopify.com/s/files/1/0070/7588/9209/products/7.jpg?v=1535531197,kg,
amazon-echo-2nd-generation,,,,,,,,Heather Gray,,Echo + Echo Dot (white),,,"",0,,0,deny,manual,149.00,,true,true,"",https://cdn.shopify.com/s/files/1/0070/7588/9209/products/6.jpg?v=1535531196,6,,,,,,,,,,,,,,,,,,https://cdn.shopify.com/s/files/1/0070/7588/9209/products/12.jpg?v=1535531202,kg,
amazon-echo-2nd-generation,,,,,,,,Oak,,Echo,,,"",0,,0,deny,manual,119.00,,true,true,"",https://cdn.shopify.com/s/files/1/0070/7588/9209/products/7.jpg?v=1535531197,7,,,,,,,,,,,,,,,,,,https://cdn.shopify.com/s/files/1/0070/7588/9209/products/3.jpg?v=1535531193,kg,
amazon-echo-2nd-generation,,,,,,,,Oak,,Echo + Echo Dot (black),,,"",0,,0,deny,manual,169.00,,true,true,"",https://cdn.shopify.com/s/files/1/0070/7588/9209/products/8.jpg?v=1535531198,8,,,,,,,,,,,,,,,,,,https://cdn.shopify.com/s/files/1/0070/7588/9209/products/8.jpg?v=1535531198,kg,
amazon-echo-2nd-generation,,,,,,,,Oak,,Echo + Echo Dot (white),,,"",0,,0,deny,manual,169.00,,true,true,"",https://cdn.shopify.com/s/files/1/0070/7588/9209/products/9.jpg?v=1535531199,9,,,,,,,,,,,,,,,,,,https://cdn.shopify.com/s/files/1/0070/7588/9209/products/13.jpg?v=1535531203,kg,
amazon-echo-2nd-generation,,,,,,,,Sandstone,,Echo,,,"",0,,0,deny,manual,99.00,,true,true,"",https://cdn.shopify.com/s/files/1/0070/7588/9209/products/10.jpg?v=1535531200,10,,,,,,,,,,,,,,,,,,https://cdn.shopify.com/s/files/1/0070/7588/9209/products/4.jpg?v=1535531194,kg,
amazon-echo-2nd-generation,,,,,,,,Sandstone,,Echo + Echo Dot (black),,,"",0,,0,deny,manual,149.00,,true,true,"",https://cdn.shopify.com/s/files/1/0070/7588/9209/products/11.jpg?v=1535531201,11,,,,,,,,,,,,,,,,,,https://cdn.shopify.com/s/files/1/0070/7588/9209/products/9.jpg?v=1535531199,kg,
amazon-echo-2nd-generation,,,,,,,,Sandstone,,Echo + Echo Dot (white),,,"",0,,0,deny,manual,149.00,,true,true,"",https://cdn.shopify.com/s/files/1/0070/7588/9209/products/12.jpg?v=1535531202,12,,,,,,,,,,,,,,,,,,https://cdn.shopify.com/s/files/1/0070/7588/9209/products/14.jpg?v=1535531204,kg,
amazon-echo-2nd-generation,,,,,,,,Walnut,,Echo,,,"",0,,0,deny,manual,119.00,,true,true,"",https://cdn.shopify.com/s/files/1/0070/7588/9209/products/13.jpg?v=1535531203,13,,,,,,,,,,,,,,,,,,https://cdn.shopify.com/s/files/1/0070/7588/9209/products/5.jpg?v=1535531195,kg,
amazon-echo-2nd-generation,,,,,,,,Walnut,,Echo + Echo Dot (black),,,"",0,,0,deny,manual,169.00,,true,true,"",https://cdn.shopify.com/s/files/1/0070/7588/9209/products/14.jpg?v=1535531204,14,,,,,,,,,,,,,,,,,,https://cdn.shopify.com/s/files/1/0070/7588/9209/products/10.jpg?v=1535531200,kg,
amazon-echo-2nd-generation,,,,,,,,Walnut,,Echo + Echo Dot (white),,,"",0,,0,deny,manual,169.00,,true,true,"",https://cdn.shopify.com/s/files/1/0070/7588/9209/products/15.jpg?v=1535531205,15,,,,,,,,,,,,,,,,,,https://cdn.shopify.com/s/files/1/0070/7588/9209/products/15.jpg?v=1535531205,kg,
