Handle,Title,Body (HTML),Vendor,Type,Tags,Published,Option1 Name,Option1 Value,Option2 Name,Option2 Value,Option3 Name,Option3 Value,Variant SKU,Variant Grams,Variant Inventory Tracker,Variant Inventory Qty,Variant Inventory Policy,Variant Fulfillment Service,Variant Price,Variant Compare At Price,Variant Requires Shipping,Variant Taxable,Variant Barcode,Image Src,Image Position,Image Alt Text,Gift Card,SEO Title,SEO Description,Google Shopping / Google Product Category,Google Shopping / Gender,Google Shopping / Age Group,Google Shopping / MPN,Google Shopping / AdWords Grouping,Google Shopping / AdWords Labels,Google Shopping / Condition,Google Shopping / Custom Product,Google Shopping / Custom Label 0,Google Shopping / Custom Label 1,Google Shopping / Custom Label 2,Google Shopping / Custom Label 3,Google Shopping / Custom Label 4,Variant Image,Variant Weight Unit,Variant Tax Code
mavic-pro,Mavic Pro,"<p><span><strong>Portable yet powerful</strong>, the Mavic Pro is your personal drone, ready to go with you everywhere.</span></p>
<ul>
<li>27 mins flight time</li>
<li>7 km control range</li>
<li>65 km/h speed</li>
<li>3-axis gimbal</li>
<li>4K video resolution</li>
<li>23 MP camera resolution</li>
</ul>
<p><em>This is a demonstration store. You can purchase this product at <a href=""https://store.dji.com"" title=""DJI"">DJI Store</a>.</em></p>",DJI,Drones,"4K Camera, Mavic, Portable",true,Title,Default Title,,,,,"",1500,,1,deny,manual,999.00,,true,true,"",https://cdn.shopify.com/s/files/1/0035/6227/4905/products/1-ss.jpg?v=1535634749,1,,false,,,,,,,,,,,,,,,,,kg,
mavic-pro,,,,,,,,,,,,,,,,,,,,,,,,https://cdn.shopify.com/s/files/1/0035/6227/4905/products/2_39d853b3-7519-45c9-b284-7b60e99c813e.jpg?v=1535634749,2,,,,,,,,,,,,,,,,,,,,
mavic-pro,,,,,,,,,,,,,,,,,,,,,,,,https://cdn.shopify.com/s/files/1/0035/6227/4905/products/3_ca1bfdd6-3b58-4775-a290-53c8cc951dac.jpg?v=1535634749,3,,,,,,,,,,,,,,,,,,,,
mavic-pro,,,,,,,,,,,,,,,,,,,,,,,,https://cdn.shopify.com/s/files/1/0035/6227/4905/products/4_e7115377-6f21-491a-80a4-7c183e373bc8.jpg?v=1535634749,4,,,,,,,,,,,,,,,,,,,,
mavic-pro,,,,,,,,,,,,,,,,,,,,,,,,https://cdn.shopify.com/s/files/1/0035/6227/4905/products/5_157713cd-4394-42c1-8dc5-dbed52800614.jpg?v=1535634749,5,,,,,,,,,,,,,,,,,,,,
mavic-air,Mavic Air,"<p><span>The ultraportable Mavic Air features <strong>high-end flight performance and functionality</strong> for limitless exploration.</span></p>
<ul>
<li>32 MP Sphere Panoramas</li>
<li>Foldable &amp; Portable</li>
<li>3-Axis Gimbal &amp; 4K Camera</li>
<li>3-Directional Environment Sensing</li>
<li>21-Minute Flight Time</li>
</ul>
<p><em>This is a demonstration store. You can purchase this product at <a href=""https://store.dji.com"" title=""DJI"">DJI Store</a>.</em></p>",DJI,Drones,"4K Camera, Mavic, Portable, Sphere Panoramas",true,Color,Arctic White,,,,,"",900,,1,deny,manual,799.00,,true,true,"",https://cdn.shopify.com/s/files/1/0035/6227/4905/products/1_88c12803-adce-4822-8e15-955728c52a45.jpg?v=1535633301,1,,false,,,,,,,,,,,,,,,,https://cdn.shopify.com/s/files/1/0035/6227/4905/products/1_88c12803-adce-4822-8e15-955728c52a45.jpg?v=1535633301,kg,
mavic-air,,,,,,,,Onyx Black,,,,,"",900,,0,deny,manual,799.00,,true,true,"",https://cdn.shopify.com/s/files/1/0035/6227/4905/products/2_9bbc1d93-de84-465a-bc72-a102ddf678ed.jpg?v=1535633754,2,,,,,,,,,,,,,,,,,,https://cdn.shopify.com/s/files/1/0035/6227/4905/products/6_14c9673f-3a79-445c-8db7-e65a760bdefe.jpg?v=1535633758,kg,
mavic-air,,,,,,,,Flame Red,,,,,"",900,,0,deny,manual,799.00,,true,true,"",https://cdn.shopify.com/s/files/1/0035/6227/4905/products/3_b16767d6-9c4a-4d1c-b50c-fce45e03e7a7.jpg?v=1535633755,3,,,,,,,,,,,,,,,,,,https://cdn.shopify.com/s/files/1/0035/6227/4905/products/10.jpg?v=1535633762,kg,
mavic-air,,,,,,,,,,,,,,,,,,,,,,,,https://cdn.shopify.com/s/files/1/0035/6227/4905/products/4_0c416211-2f5f-400e-91da-02196edd811e.jpg?v=1535633757,4,,,,,,,,,,,,,,,,,,,,
mavic-air,,,,,,,,,,,,,,,,,,,,,,,,https://cdn.shopify.com/s/files/1/0035/6227/4905/products/5_60f46372-89aa-4b65-8a7d-dc4e3dc33582.jpg?v=1535633757,5,,,,,,,,,,,,,,,,,,,,
mavic-air,,,,,,,,,,,,,,,,,,,,,,,,https://cdn.shopify.com/s/files/1/0035/6227/4905/products/6_14c9673f-3a79-445c-8db7-e65a760bdefe.jpg?v=1535633758,6,,,,,,,,,,,,,,,,,,,,
mavic-air,,,,,,,,,,,,,,,,,,,,,,,,https://cdn.shopify.com/s/files/1/0035/6227/4905/products/7_949f3a79-ef6a-4412-b954-d48c3b6eea3e.jpg?v=1535633760,7,,,,,,,,,,,,,,,,,,,,
mavic-air,,,,,,,,,,,,,,,,,,,,,,,,https://cdn.shopify.com/s/files/1/0035/6227/4905/products/8_14a704aa-15b6-471f-9500-30258f6041e6.jpg?v=1535633760,8,,,,,,,,,,,,,,,,,,,,
mavic-air,,,,,,,,,,,,,,,,,,,,,,,,https://cdn.shopify.com/s/files/1/0035/6227/4905/products/9_4a6fd2ed-e234-4732-aebe-970ac1b4be53.jpg?v=1535633761,9,,,,,,,,,,,,,,,,,,,,
mavic-air,,,,,,,,,,,,,,,,,,,,,,,,https://cdn.shopify.com/s/files/1/0035/6227/4905/products/10.jpg?v=1535633762,10,,,,,,,,,,,,,,,,,,,,
mavic-air,,,,,,,,,,,,,,,,,,,,,,,,https://cdn.shopify.com/s/files/1/0035/6227/4905/products/11.jpg?v=1535633764,11,,,,,,,,,,,,,,,,,,,,
mavic-air,,,,,,,,,,,,,,,,,,,,,,,,https://cdn.shopify.com/s/files/1/0035/6227/4905/products/12.jpg?v=1535633765,12,,,,,,,,,,,,,,,,,,,,
mavic-air,,,,,,,,,,,,,,,,,,,,,,,,https://cdn.shopify.com/s/files/1/0035/6227/4905/products/13.jpg?v=1535633766,13,,,,,,,,,,,,,,,,,,,,
mavic-2-pro,Mavic 2,"<p><span>The Mavic 2 offers iconic <strong>Hasselblad image quality</strong> on the Pro and a <strong>high-performance zoom lens</strong> on the Zoom.</span></p>
<ul>
<li>Hasselblad Camera</li>
<li>1"" CMOS Sensor</li>
<li>Adjustable Aperture</li>
<li>10-bit HDR Video</li>
<li>Hyperlapse</li>
</ul>
<p><em>This is a demonstration store. You can purchase this product at <a href=""https://store.dji.com"" title=""DJI"">DJI Store</a>.</em></p>",DJI,Drones,"Hyperlapse, Mavic",true,Version,Pro,,,,,"",1200,,1,deny,manual,1449.00,,true,true,"",https://cdn.shopify.com/s/files/1/0035/6227/4905/products/1.jpg?v=1535633065,1,,false,,,,,,,,,,,,,,,,https://cdn.shopify.com/s/files/1/0035/6227/4905/products/1.jpg?v=1535633065,kg,
mavic-2-pro,,,,,,,,Zoom,,,,,"",1200,,0,deny,manual,1249.00,,true,true,"",https://cdn.shopify.com/s/files/1/0035/6227/4905/products/2.jpg?v=1535633066,2,,,,,,,,,,,,,,,,,,https://cdn.shopify.com/s/files/1/0035/6227/4905/products/6.jpg?v=1535633070,kg,
mavic-2-pro,,,,,,,,,,,,,,,,,,,,,,,,https://cdn.shopify.com/s/files/1/0035/6227/4905/products/3.jpg?v=1535633067,3,,,,,,,,,,,,,,,,,,,,
mavic-2-pro,,,,,,,,,,,,,,,,,,,,,,,,https://cdn.shopify.com/s/files/1/0035/6227/4905/products/4.jpg?v=1535633068,4,,,,,,,,,,,,,,,,,,,,
mavic-2-pro,,,,,,,,,,,,,,,,,,,,,,,,https://cdn.shopify.com/s/files/1/0035/6227/4905/products/5.jpg?v=1535633069,5,,,,,,,,,,,,,,,,,,,,
mavic-2-pro,,,,,,,,,,,,,,,,,,,,,,,,https://cdn.shopify.com/s/files/1/0035/6227/4905/products/6.jpg?v=1535633070,6,,,,,,,,,,,,,,,,,,,,
mavic-2-pro,,,,,,,,,,,,,,,,,,,,,,,,https://cdn.shopify.com/s/files/1/0035/6227/4905/products/7.jpg?v=1535633071,7,,,,,,,,,,,,,,,,,,,,
mavic-2-pro,,,,,,,,,,,,,,,,,,,,,,,,https://cdn.shopify.com/s/files/1/0035/6227/4905/products/8.jpg?v=1535633072,8,,,,,,,,,,,,,,,,,,,,
mavic-2-pro,,,,,,,,,,,,,,,,,,,,,,,,https://cdn.shopify.com/s/files/1/0035/6227/4905/products/9.jpg?v=1535633073,9,,,,,,,,,,,,,,,,,,,,
