Handle,Title,Body (HTML),Vendor,Type,Tags,Published,Option1 Name,Option1 Value,Option2 Name,Option2 Value,Option3 Name,Option3 Value,Variant SKU,Variant Grams,Variant Inventory Tracker,Variant Inventory Qty,Variant Inventory Policy,Variant Fulfillment Service,Variant Price,Variant Compare At Price,Variant Requires Shipping,Variant Taxable,Variant Barcode,Image Src,Image Position,Image Alt Text,Gift Card,SEO Title,SEO Description,Google Shopping / Google Product Category,Google Shopping / Gender,Google Shopping / Age Group,Google Shopping / MPN,Google Shopping / AdWords Grouping,Google Shopping / AdWords Labels,Google Shopping / Condition,Google Shopping / Custom Product,Google Shopping / Custom Label 0,Google Shopping / Custom Label 1,Google Shopping / Custom Label 2,Google Shopping / Custom Label 3,Google Shopping / Custom Label 4,Variant Image,Variant Weight Unit,Variant Tax Code
swim-in-the-sea-32-oz-bottle,Swim in the Sea 32 oz. Bottle,"<meta charset=""utf-8"">
<p><em>This is a demonstration store. You can purchase products like this from <a href=""http://unitedbyblue.com/"" target=""_blank"" class=""text-link js-no-transition"" rel=""noopener noreferrer"">United By Blue</a>  </em></p>
<meta charset=""utf-8"">
<p>Meet your new everyday sidekick: our limited edition Swim In The Sea Stainless Steel Water Bottle. Here just in time for World Oceans Day, this unstoppable bottle is down for pretty much anything: going on epic bike rides, putting in long hours at the office, or just chilling on your nightstand.</p>
<p>Fill it up in the morning for up to 12 hours of temp-preserving power thanks to double insulated walls and a vacuum sealed lid. With an easy-to-clip paracord handle and an exclusive hand-drawn graphic, it’s a worthy companion.</p>
<ul>
<li>100% stainless steel </li>
<li>Vacuum sealed lid </li>
<li>Double insulated to keep hot and cold drinks at temperature for up to 12 hours </li>
<li>Powder coated with original graphics </li>
<li>32 oz. </li>
<li>3.5"" diameter </li>
</ul>",United By Blue,Bottles,"",true,Title,Default Title,,,,,"",0,,1,deny,manual,38.00,52.00,true,true,"",https://cdn.shopify.com/s/files/1/0075/9667/1034/products/WODbottle-1_2000x_0cbd908a-03cf-4a6a-b938-cff733330921.jpg?v=1531494418,1,,false,,,,,,,,,,,,,,,,,kg,
swim-in-the-sea-32-oz-bottle,,,,,,,,,,,,,,,,,,,,,,,,https://cdn.shopify.com/s/files/1/0075/9667/1034/products/WODbottle-2_2000x_2cbf9052-04fd-4507-a041-00c71076a40e.jpg?v=1531494419,2,,,,,,,,,,,,,,,,,,,,
swim-in-the-sea-32-oz-bottle,,,,,,,,,,,,,,,,,,,,,,,,https://cdn.shopify.com/s/files/1/0075/9667/1034/products/WODbottle-3_2000x_134bb469-6274-42d8-ab12-a1b50d673980.jpg?v=1531494420,3,,,,,,,,,,,,,,,,,,,,
swim-in-the-sea-32-oz-bottle,,,,,,,,,,,,,,,,,,,,,,,,https://cdn.shopify.com/s/files/1/0075/9667/1034/products/WODbottle-4_2000x_0925291b-3019-4291-b647-417bb4b8a122.jpg?v=1531494421,4,,,,,,,,,,,,,,,,,,,,
sunski-makanis,Sunski Makanis,"<meta charset=""utf-8"">
<p><em>This is a demonstration store. You can purchase products like this from <a href=""http://unitedbyblue.com/"" target=""_blank"" class=""text-link js-no-transition"" rel=""noopener noreferrer"">United By Blue</a>  </em></p>
<meta charset=""utf-8""><meta charset=""utf-8"">
<p><span>Tortoise print polarized sunglasses crafted with flexible frames (so you can toss in your pack, worry-free). </span><br><br></p>
<ul>
<li>Polarized lenses </li>
<li>Temple width: 136mm </li>
<li>Nose bridge width: 12mm </li>
<li>Lens width: 56mm </li>
</ul>",Sunski,Glasses,"men, women",true,Title,Default Title,,,,,"",0,shopify,0,deny,manual,48.00,,true,true,"",https://cdn.shopify.com/s/files/1/0075/9667/1034/products/makanis-2_2000x_4dea99af-6fc1-4fbd-b495-314d065248f0.jpg?v=1531494177,1,,false,,,,,,,,,,,,,,,,,kg,
sunski-makanis,,,,,,,,,,,,,,,,,,,,,,,,https://cdn.shopify.com/s/files/1/0075/9667/1034/products/makanis_2000x_3a1d701d-a260-439f-a438-9372e27ce060.jpg?v=1531494177,2,,,,,,,,,,,,,,,,,,,,
sunski-headlands-sunglasses,Sunski Headlands Sunglasses,"<meta charset=""utf-8"">
<p><em>This is a demonstration store. You can purchase products like this from <a href=""http://unitedbyblue.com/"" target=""_blank"" class=""text-link js-no-transition"" rel=""noopener noreferrer"">United By Blue</a>  </em></p>
<meta charset=""utf-8"">
<p>Wood sunglasses with a bowed browline and lower wire design. Made from sustainably sourced premium grade lumber by Shwood.  </p>",Sunski,Glasses,men,true,Color,Lime,,,,,"",0,,0,deny,manual,48.00,,true,true,"",https://cdn.shopify.com/s/files/1/0075/9667/1034/products/sunski_headlands-lime_2000x_0f2e0b37-dbcb-4bdd-a900-5dba7f6f744c.jpg?v=1531493895,1,,false,,,,,,,,,,,,,,,,https://cdn.shopify.com/s/files/1/0075/9667/1034/products/sunski_headlands-lime_2000x_0f2e0b37-dbcb-4bdd-a900-5dba7f6f744c.jpg?v=1531493895,kg,
sunski-headlands-sunglasses,,,,,,,,Black,,,,,"",0,,0,deny,manual,48.00,,true,true,"",https://cdn.shopify.com/s/files/1/0075/9667/1034/products/sunski_headlands_black_2000x_6a091b9d-9842-46ca-b4d4-cff06f17ba4a.jpg?v=1531493895,2,,,,,,,,,,,,,,,,,,https://cdn.shopify.com/s/files/1/0075/9667/1034/products/sunski_headlands_black_2000x_6a091b9d-9842-46ca-b4d4-cff06f17ba4a.jpg?v=1531493895,kg,
sunski-headlands-sunglasses,,,,,,,,Blueprint,,,,,"",0,,0,deny,manual,48.00,,true,true,"",https://cdn.shopify.com/s/files/1/0075/9667/1034/products/sunski_headlands-blue_2000x_2cb94cd9-044b-48a6-873d-2771b2d5cfd4.jpg?v=1531493895,3,,,,,,,,,,,,,,,,,,https://cdn.shopify.com/s/files/1/0075/9667/1034/products/sunski_headlands-blue_2000x_2cb94cd9-044b-48a6-873d-2771b2d5cfd4.jpg?v=1531493895,kg,
sunski-headlands-sunglasses,,,,,,,,,,,,,,,,,,,,,,,,https://cdn.shopify.com/s/files/1/0075/9667/1034/products/sunski_headlands-blue-side_2000x_6638c4d3-9f5a-48dc-9ed8-dba6db5618aa.jpg?v=1531493895,4,,,,,,,,,,,,,,,,,,,,
shwood-newport-sunglasses,Shwood Newport Sunglasses,"<meta charset=""utf-8"">
<p><em>This is a demonstration store. You can purchase products like this from <a href=""http://unitedbyblue.com/"" target=""_blank"" class=""text-link js-no-transition"" rel=""noopener noreferrer"">United By Blue</a>  </em></p>
<meta charset=""utf-8"">
<p>Wood sunglasses with a bowed browline and lower wire design. Made from sustainably sourced premium grade lumber by Shwood.  </p>",United By Blue,Glasses,men,true,Type,Not-Polarized,,,,,"",0,,1,deny,manual,189.00,,true,true,"",https://cdn.shopify.com/s/files/1/0075/9667/1034/products/shwoods-newport1_2000x_3ebf77d3-9824-4bb2-b4d2-ffb7a01b8801.jpg?v=1531493410,1,,false,,,,,,,,,,,,,,,,,kg,
shwood-newport-sunglasses,,,,,,,,Polarized,,,,,"",0,,0,deny,manual,229.00,,true,true,"",https://cdn.shopify.com/s/files/1/0075/9667/1034/products/shwoods-newport2_2000x_cd0fa952-521c-4cd1-a6d2-101168811f61.jpg?v=1531493412,2,,,,,,,,,,,,,,,,,,,kg,
upstream-enamel-steel-mug,Upstream Enamel Steel Mug,"<meta charset=""utf-8"">
<p><em>This is a demonstration store. You can purchase products like this from <a href=""http://unitedbyblue.com/"" target=""_blank"" class=""text-link js-no-transition"" rel=""noopener noreferrer"">United By Blue</a>  </em></p>
<p>An ode to the avid outdoorsmen (and a reminder to listen more).<span> </span></p>
<ul>
<li>3"" W × 3"" H </li>
<li>12 oz. </li>
<li>Rim &amp; handle are double dipped to withstand extra wear </li>
<li>Campfire and stovetop safe </li>
<li>Handmade in Europe </li>
</ul>",United By Blue,Mugs,"",true,Title,Default Title,,,,,"",0,,1,deny,manual,20.00,,true,true,"",https://cdn.shopify.com/s/files/1/0075/9667/1034/products/enamelmug-upstream1_2000x_006b0812-f988-49a8-8376-742a17e7164a.jpg?v=1531492841,1,,false,,,,,,,,,,,,,,,,,kg,
upstream-enamel-steel-mug,,,,,,,,,,,,,,,,,,,,,,,,https://cdn.shopify.com/s/files/1/0075/9667/1034/products/enamelmug-upstream2_2000x_3d1b24d3-3523-4469-a449-7c46282479be.jpg?v=1531492841,2,,,,,,,,,,,,,,,,,,,,
upstream-enamel-steel-mug,,,,,,,,,,,,,,,,,,,,,,,,https://cdn.shopify.com/s/files/1/0075/9667/1034/products/enamelmug-upstream3_2000x_1b933562-35ca-4c8f-8091-76ca2c22e05e.jpg?v=1531492841,3,,,,,,,,,,,,,,,,,,,,
upstream-enamel-steel-mug,,,,,,,,,,,,,,,,,,,,,,,,https://cdn.shopify.com/s/files/1/0075/9667/1034/products/enamelmug-upstream4_2000x_9aaa253d-2b7f-4998-a4f1-d9b4c810a860.jpg?v=1531492841,4,,,,,,,,,,,,,,,,,,,,
upstream-enamel-steel-mug,,,,,,,,,,,,,,,,,,,,,,,,https://cdn.shopify.com/s/files/1/0075/9667/1034/products/enamelmug_upstream_box_2000x_ecafe643-ccc3-471a-9815-ad9d2981eb47.jpg?v=1531492841,5,,,,,,,,,,,,,,,,,,,,
john-muir-enamel-steel-mug,John Muir Enamel Steel Mug,"<meta charset=""utf-8"">
<p><em>This is a demonstration store. You can purchase products like this from <a href=""http://unitedbyblue.com/"" target=""_blank"" class=""text-link js-no-transition"" rel=""noopener noreferrer"">United By Blue</a>  </em></p>
<p>An ode to the avid outdoorsmen (and a reminder to listen more).<span> </span></p>
<ul>
<li>3"" W × 3"" H </li>
<li>12 oz. </li>
<li>Rim &amp; handle are double dipped to withstand extra wear </li>
<li>Campfire and stovetop safe </li>
<li>Handmade in Europe </li>
</ul>",United By Blue,Mugs,"",true,Title,Default Title,,,,,"",0,,1,deny,manual,20.00,25.00,true,true,"",https://cdn.shopify.com/s/files/1/0075/9667/1034/products/enamelmug-muir1_2000x_69793760-2f9f-4ea0-b898-2fd6037fc4b3.jpg?v=1531492588,1,,false,,,,,,,,,,,,,,,,,kg,
john-muir-enamel-steel-mug,,,,,,,,,,,,,,,,,,,,,,,,https://cdn.shopify.com/s/files/1/0075/9667/1034/products/enamelmug-muir2_2000x_bb2d47ab-a55e-4f52-aebc-b6d130649ad0.jpg?v=1531492589,2,,,,,,,,,,,,,,,,,,,,
john-muir-enamel-steel-mug,,,,,,,,,,,,,,,,,,,,,,,,https://cdn.shopify.com/s/files/1/0075/9667/1034/products/enamelmug-muir3_2000x_630316f0-a5ab-48e6-b49d-bcffe60c3e19.jpg?v=1531492590,3,,,,,,,,,,,,,,,,,,,,
john-muir-enamel-steel-mug,,,,,,,,,,,,,,,,,,,,,,,,https://cdn.shopify.com/s/files/1/0075/9667/1034/products/enamelmugbox-johnmuir_2000x_af9179e1-486d-4841-9917-1c4bc086072d.jpg?v=1531492591,4,,,,,,,,,,,,,,,,,,,,
kelty-acadia-tent,Kelty Acadia Tent,"<meta charset=""utf-8"">
<p><em>This is a demonstration store. You can purchase products like this from <a href=""http://unitedbyblue.com/"" target=""_blank"" class=""text-link js-no-transition"" rel=""noopener noreferrer"">United By Blue</a>  </em></p>
<p id=""details"" data-accordian-target="""">A roomy tent that’s ideal for families (or claustrophobic couples / solo campers).</p>
<ul>
<li>Free standing design </li>
<li>Noiseless zipper pulls </li>
<li>2 doors </li>
<li>Fly vent </li>
<li>Internal storage pockets </li>
<li>Taped seams </li>
<li>3 pole design </li>
<li>Dimensions: 74” H x 96” W </li>
<li>6 person capaci</li>
</ul>",United By Blue,Tents,"",true,Title,Default Title,,,,,"",0,,1,deny,manual,290.00,320.00,true,true,"",https://cdn.shopify.com/s/files/1/0075/9667/1034/products/KL17_Acadia6_flyOff_2000x_44c5b8f9-9f3b-4dad-a687-ec13af512781.jpg?v=1531492215,1,,false,,,,,,,,,,,,,,,,,kg,
kelty-acadia-tent,,,,,,,,,,,,,,,,,,,,,,,,https://cdn.shopify.com/s/files/1/0075/9667/1034/products/KL17_Acadia6_FlyOffDoorClosed_2000x_b8f0acc2-0986-4a76-8f4e-fcee228948f7.jpg?v=1531492216,2,,,,,,,,,,,,,,,,,,,,
kelty-acadia-tent,,,,,,,,,,,,,,,,,,,,,,,,https://cdn.shopify.com/s/files/1/0075/9667/1034/products/KL17_Acadia6_FlyOn_2000x_d2f670fb-4852-4ddc-8b3b-9a4ffae5fc77.jpg?v=1531492217,3,,,,,,,,,,,,,,,,,,,,
kelty-acadia-tent,,,,,,,,,,,,,,,,,,,,,,,,https://cdn.shopify.com/s/files/1/0075/9667/1034/products/KL17_Acadia6_Stargazer_2000x_1825c4b9-b984-4dc8-b7b9-e61853d8821f.jpg?v=1531492218,4,,,,,,,,,,,,,,,,,,,,
45l-range-daypack,45L Range Daypack,"<meta charset=""utf-8"">
<p><em>This is a demonstration store. You can purchase products like this from <a href=""http://unitedbyblue.com/"" target=""_blank"" class=""text-link js-no-transition"" rel=""noopener noreferrer"">United By Blue</a> </em></p>
<meta charset=""utf-8""><meta charset=""utf-8"">
<p>Be prepared for anything that the trail throws at you with this deceptively light pack. Our favorite part: This also opens up from the front so you can access the stuff at the bottom of your bag without pulling everything out. </p>
<ul>
<li>Durable Water Repellent finish, which sheds moisture and resists staining </li>
<li>Padded laptop sleeve, accommodates up to 17"" laptop </li>
<li>Exterior two-way zipper pocket opens to interior of bag </li>
<li>Zippered top lid pocket with interior open pockets </li>
<li>Drawstring closure and top pocket lid </li>
<li>Leather haul strap </li>
<li>Adjustable, padded shoulder straps </li>
<li>Cross sternum and hip strap </li>
<li>Water bottle sleeve fits bottles with a diameter up to 4"" </li>
<li>45L volume </li>
<li>12.5""W x 22.5""H x 8.25""D10”W x 13”H x 4”D </li>
</ul>",United By Blue,Bags,men,true,Color,Navi / Tan,,,,,"",0,,1,deny,manual,138.00,180.00,true,true,"",https://cdn.shopify.com/s/files/1/0075/9667/1034/products/product_color_view-30_2000x_4bea6010-c129-436c-b24c-31da606a7bf1.jpg?v=1531479851,1,,false,,,,,,,,,,,,,,,,https://cdn.shopify.com/s/files/1/0075/9667/1034/products/product_color_view-30_2000x_4bea6010-c129-436c-b24c-31da606a7bf1.jpg?v=1531479851,kg,
45l-range-daypack,,,,,,,,Black,,,,,"",0,,1,deny,manual,138.00,180.00,true,true,"",https://cdn.shopify.com/s/files/1/0075/9667/1034/products/b-range1_2000x_ec80fd22-a3ce-499e-bd6d-6f9b8ae06b20.jpg?v=1531479851,2,,,,,,,,,,,,,,,,,,https://cdn.shopify.com/s/files/1/0075/9667/1034/products/product_color_view-12_2000x_919c7e16-e31e-4ea4-b2e4-ee13a750a7a3.jpg?v=1531479851,kg,
45l-range-daypack,,,,,,,,Olive,,,,,"",0,,0,deny,manual,138.00,180.00,true,true,"",https://cdn.shopify.com/s/files/1/0075/9667/1034/products/b-range3_2000x_acd3e093-38ee-4f91-9c7a-86534ab1837c.jpg?v=1531479851,3,,,,,,,,,,,,,,,,,,https://cdn.shopify.com/s/files/1/0075/9667/1034/products/product_color_view-14_2000x_fbf68b30-6f3f-483f-8ef8-5ef074ed7cf6.jpg?v=1531479851,kg,
45l-range-daypack,,,,,,,,,,,,,,,,,,,,,,,,https://cdn.shopify.com/s/files/1/0075/9667/1034/products/product_color_view-12_2000x_919c7e16-e31e-4ea4-b2e4-ee13a750a7a3.jpg?v=1531479851,4,,,,,,,,,,,,,,,,,,,,
45l-range-daypack,,,,,,,,,,,,,,,,,,,,,,,,https://cdn.shopify.com/s/files/1/0075/9667/1034/products/product_color_view-13_2000x_6e45648f-e0f4-4eb4-bb45-5e6275045f66.jpg?v=1531479851,5,,,,,,,,,,,,,,,,,,,,
45l-range-daypack,,,,,,,,,,,,,,,,,,,,,,,,https://cdn.shopify.com/s/files/1/0075/9667/1034/products/product_color_view-14_2000x_fbf68b30-6f3f-483f-8ef8-5ef074ed7cf6.jpg?v=1531479851,6,,,,,,,,,,,,,,,,,,,,
45l-range-daypack,,,,,,,,,,,,,,,,,,,,,,,,https://cdn.shopify.com/s/files/1/0075/9667/1034/products/f16lifestyle_print-65_2000x_917c3507-adc9-4e61-9c36-ca8024a89b12.jpg?v=1531479851,7,,,,,,,,,,,,,,,,,,,,
bluff-utility-backpack,Bluff Utility Backpack,"<meta charset=""utf-8"">
<p><em>This is a demonstration store. You can purchase products like this from <a href=""http://unitedbyblue.com/"" target=""_blank"" class=""text-link js-no-transition"" rel=""noopener noreferrer"">United By Blue</a> </em></p>
<meta charset=""utf-8"">
<p><span>Made for handily storing all the essentials while you’re on the go. Includes designated pockets for your phone, pens, and a water bottle so you’re sure to stay organized. </span></p>
<ul>
<li>Durable Water Repellent finish, which sheds moisture and resists staining </li>
<li>Padded interior tablet sleeve </li>
<li>Exterior zipper pocket and open pocket </li>
<li>Zipper closure with foldover top that snaps securely into place </li>
<li>Zipper bellow pocket with media storage and pen slots </li>
<li>10L volume </li>
<li>Water bottle sleeve fits bottles with a diameter up to 2.5"" </li>
<li>10”W x 13”H x 4”D </li>
</ul>
<ul></ul>",United By Blue,Bags,women,true,Color,Navi Mountain,,,,,"",0,shopify,0,deny,manual,68.00,,true,true,"",https://cdn.shopify.com/s/files/1/0075/9667/1034/products/bluff-mountain_2000x_192aa268-d467-4cf9-8858-ad72fd421fd8.jpg?v=1531479094,1,,false,,,,,,,,,,,,,,,,https://cdn.shopify.com/s/files/1/0075/9667/1034/products/bluff-mountain_2000x_192aa268-d467-4cf9-8858-ad72fd421fd8.jpg?v=1531479094,kg,
bluff-utility-backpack,,,,,,,,Black,,,,,"",0,,1,deny,manual,68.00,,true,true,"",https://cdn.shopify.com/s/files/1/0075/9667/1034/products/bluff-mountain2_2000x_a3476314-bbc8-4302-8fc0-7831f753dfbc.jpg?v=1531479094,2,,,,,,,,,,,,,,,,,,https://cdn.shopify.com/s/files/1/0075/9667/1034/products/bluff-black_2000x_93dfacfe-a892-4de9-a95b-842d0cfa2f29.jpg?v=1531479094,kg,
bluff-utility-backpack,,,,,,,,Olive,,,,,"",0,,0,deny,manual,68.00,,true,true,"",https://cdn.shopify.com/s/files/1/0075/9667/1034/products/bluff-black_2000x_93dfacfe-a892-4de9-a95b-842d0cfa2f29.jpg?v=1531479094,3,,,,,,,,,,,,,,,,,,https://cdn.shopify.com/s/files/1/0075/9667/1034/products/bluff-olive_2000x_7323d97c-5ade-4e3d-96db-e615efc3270b.jpg?v=1531479094,kg,
bluff-utility-backpack,,,,,,,,Navi / Rust,,,,,"",0,,1,deny,manual,68.00,,true,true,"",https://cdn.shopify.com/s/files/1/0075/9667/1034/products/bluff-olive_2000x_7323d97c-5ade-4e3d-96db-e615efc3270b.jpg?v=1531479094,4,,,,,,,,,,,,,,,,,,https://cdn.shopify.com/s/files/1/0075/9667/1034/products/bluff-colorblock_2000x_17267174-afb4-40ca-8571-8642851ed9eb.jpg?v=1531479094,kg,
bluff-utility-backpack,,,,,,,,,,,,,,,,,,,,,,,,https://cdn.shopify.com/s/files/1/0075/9667/1034/products/bluff-colorblock_2000x_17267174-afb4-40ca-8571-8642851ed9eb.jpg?v=1531479094,5,,,,,,,,,,,,,,,,,,,,
bluff-utility-backpack,,,,,,,,,,,,,,,,,,,,,,,,https://cdn.shopify.com/s/files/1/0075/9667/1034/products/bags-bluff_2000x_51ed0b0c-e80a-4c49-8b79-cce5e8f6c0cb.jpg?v=1531479094,6,,,,,,,,,,,,,,,,,,,,
bluff-utility-backpack,,,,,,,,,,,,,,,,,,,,,,,,https://cdn.shopify.com/s/files/1/0075/9667/1034/products/marchcatalog103_print_2000x_3ab24346-08b6-4973-8e54-dabfd33670e2.jpg?v=1531479094,7,,,,,,,,,,,,,,,,,,,,
55l-arc-duffle,55L Arc Duffle,"<meta charset=""utf-8"">
<p><em>This is a demonstration store. You can purchase products like this from <a href=""http://unitedbyblue.com/"" target=""_blank"" class=""text-link js-no-transition"" rel=""noopener noreferrer"">United By Blue</a> </em></p>
<p>Our throw-in-everything-and-go duffle is perfect for last-minute and not-so-light packers. Carry-on friendly with exterior and interior pockets to ensure essentials (contacts, keys, your passport) don’t get lost in the fray. </p>
<ul>
<li>Exterior zippered pocket and open pocket </li>
<li>Removable, adjustable crossbody strap </li>
<li>Meets TSA carry-on requirements </li>
<li>Dual carry handles, 9"" drop </li>
<li>21.25""W x 12.5""H x 11""D </li>
<li>55L volume </li>
</ul>",United By Blue,Bags,"men, women",true,Color,Black,,,,,"",0,,1,deny,manual,128.00,,true,true,"",https://cdn.shopify.com/s/files/1/0075/9667/1034/products/product_color_view-11_2000x_88a84f6e-374a-4d01-a2c3-d126922e1580.jpg?v=1531478287,1,,false,,,,,,,,,,,,,,,,https://cdn.shopify.com/s/files/1/0075/9667/1034/products/product_color_view-11_2000x_88a84f6e-374a-4d01-a2c3-d126922e1580.jpg?v=1531478287,kg,
55l-arc-duffle,,,,,,,,Rust / Tan,,,,,"",0,,0,deny,manual,128.00,,true,true,"",https://cdn.shopify.com/s/files/1/0075/9667/1034/products/arc-colorblock_2000x_0125ac4c-fd84-4e23-a2de-6bc44a3afafb.jpg?v=1531478287,2,,,,,,,,,,,,,,,,,,https://cdn.shopify.com/s/files/1/0075/9667/1034/products/arc-colorblock_2000x_0125ac4c-fd84-4e23-a2de-6bc44a3afafb.jpg?v=1531478287,kg,
55l-arc-duffle,,,,,,,,Olive,,,,,"",0,,0,deny,manual,128.00,,true,true,"",https://cdn.shopify.com/s/files/1/0075/9667/1034/products/arc-olive_2000x_5e3e741e-cad5-4482-af7e-d08858b332e6.jpg?v=1531478287,3,,,,,,,,,,,,,,,,,,https://cdn.shopify.com/s/files/1/0075/9667/1034/products/arc-olive_2000x_5e3e741e-cad5-4482-af7e-d08858b332e6.jpg?v=1531478287,kg,
55l-arc-duffle,,,,,,,,,,,,,,,,,,,,,,,,https://cdn.shopify.com/s/files/1/0075/9667/1034/products/b-arc1_2000x_da668ed0-1ec0-41ea-8581-60b07f157b0c.jpg?v=1531478287,4,,,,,,,,,,,,,,,,,,,,
55l-arc-duffle,,,,,,,,,,,,,,,,,,,,,,,,https://cdn.shopify.com/s/files/1/0075/9667/1034/products/arc-interior2_2000x_58b8219f-b53a-43fe-a530-d86d1ba8b4b7.jpg?v=1531478287,5,,,,,,,,,,,,,,,,,,,,
fife-travel-shirt,Fife Travel Shirt,"<meta charset=""utf-8"">
<p><em>This is a demonstration store. You can purchase products like this from <a href=""http://unitedbyblue.com/"" target=""_blank"" class=""text-link js-no-transition"" rel=""noopener noreferrer"">United By Blue</a> </em> </p>
<meta charset=""utf-8""><meta charset=""utf-8""><meta charset=""utf-8""><meta charset=""utf-8"">
<p><span>The first thing in our packs, whether we’re heading to a family gathering or gathering around the fire. Made with our smartest travel-friendly features, including a wrinkle-resistant finish, secret collar tab for rolling up compactly, and lightweight fabrication. </span></p>
<ul>
<li>Stretch lightweight woven fabric </li>
<li>Wrinkle resistant finish </li>
<li>Double rear side pleats for ease of motion </li>
<li>Full button down placket </li>
<li>Convertible roll tab sleeves </li>
<li>Dual flap chest pockets with button closure </li>
<li>Left pocket with additional pen slot and double concealed pocket </li>
<li>Coolmax yarn has moisture wicking properties keeping you cool in warm climates </li>
</ul>",United By Blue,Shirts,men,true,Color,Tan,Size,S,,,"",0,,0,deny,manual,38.00,,true,true,"",https://cdn.shopify.com/s/files/1/0075/9667/1034/products/m-fife-tan3_2000x_a4332e71-73bd-4a60-82d0-3b96dc1c028f.jpg?v=1531477294,1,,false,,,,,,,,,,,,,,,,https://cdn.shopify.com/s/files/1/0075/9667/1034/products/m-fife-tan3_2000x_a4332e71-73bd-4a60-82d0-3b96dc1c028f.jpg?v=1531477294,kg,
fife-travel-shirt,,,,,,,,Tan,,M,,,"",0,,0,deny,manual,38.00,,true,true,"",https://cdn.shopify.com/s/files/1/0075/9667/1034/products/m-fife-tan1_2000x_25025475-99e5-4aa3-b624-827c28584701.jpg?v=1531477294,2,,,,,,,,,,,,,,,,,,https://cdn.shopify.com/s/files/1/0075/9667/1034/products/m-fife-tan3_2000x_a4332e71-73bd-4a60-82d0-3b96dc1c028f.jpg?v=1531477294,kg,
fife-travel-shirt,,,,,,,,Tan,,L,,,"",0,,0,deny,manual,38.00,,true,true,"",https://cdn.shopify.com/s/files/1/0075/9667/1034/products/m-fife-tan4_2000x_ecb9b278-9dd2-4336-9091-47faa02d1927.jpg?v=1531477294,3,,,,,,,,,,,,,,,,,,https://cdn.shopify.com/s/files/1/0075/9667/1034/products/m-fife-tan3_2000x_a4332e71-73bd-4a60-82d0-3b96dc1c028f.jpg?v=1531477294,kg,
fife-travel-shirt,,,,,,,,Tan,,XL,,,"",0,,0,deny,manual,38.00,,true,true,"",https://cdn.shopify.com/s/files/1/0075/9667/1034/products/m-fife-tan5_2000x_83b4a45b-82e1-4082-b324-1f9e166c9f15.jpg?v=1531477294,4,,,,,,,,,,,,,,,,,,https://cdn.shopify.com/s/files/1/0075/9667/1034/products/m-fife-tan3_2000x_a4332e71-73bd-4a60-82d0-3b96dc1c028f.jpg?v=1531477294,kg,
fife-travel-shirt,,,,,,,,Mid Grey,,S,,,"",0,,0,deny,manual,38.00,,true,true,"",https://cdn.shopify.com/s/files/1/0075/9667/1034/products/m-fife-grey1_2000x_abbdae42-2854-439e-a8a1-4d7729a50583.jpg?v=1531477294,5,,,,,,,,,,,,,,,,,,https://cdn.shopify.com/s/files/1/0075/9667/1034/products/m-fife-grey1_2000x_abbdae42-2854-439e-a8a1-4d7729a50583.jpg?v=1531477294,kg,
fife-travel-shirt,,,,,,,,Mid Grey,,M,,,"",0,,0,deny,manual,38.00,,true,true,"",https://cdn.shopify.com/s/files/1/0075/9667/1034/products/m-fife-grey2_2000x_b5b42d30-4234-4bb9-9408-adf2fb9d76fd.jpg?v=1531477294,6,,,,,,,,,,,,,,,,,,https://cdn.shopify.com/s/files/1/0075/9667/1034/products/m-fife-grey1_2000x_abbdae42-2854-439e-a8a1-4d7729a50583.jpg?v=1531477294,kg,
fife-travel-shirt,,,,,,,,Mid Grey,,L,,,"",0,,0,deny,manual,38.00,,true,true,"",https://cdn.shopify.com/s/files/1/0075/9667/1034/products/m-fife-grey3_2000x_ab1526b0-97e8-4a01-a19e-b180d5b33769.jpg?v=1531477294,7,,,,,,,,,,,,,,,,,,https://cdn.shopify.com/s/files/1/0075/9667/1034/products/m-fife-grey1_2000x_abbdae42-2854-439e-a8a1-4d7729a50583.jpg?v=1531477294,kg,
fife-travel-shirt,,,,,,,,Mid Grey,,XL,,,"",0,,0,deny,manual,38.00,,true,true,"",https://cdn.shopify.com/s/files/1/0075/9667/1034/products/marchcatalog235_print_2000x_9cbaccf0-da89-4f05-9ba8-e2683ad0b9c5.jpg?v=1531477294,8,,,,,,,,,,,,,,,,,,https://cdn.shopify.com/s/files/1/0075/9667/1034/products/m-fife-grey1_2000x_abbdae42-2854-439e-a8a1-4d7729a50583.jpg?v=1531477294,kg,
mens-bison-snap-jacket,Men's Bison Snap Jacket,"<meta charset=""utf-8"">
<p><em>This is a demonstration store. You can purchase products like this from <a href=""http://unitedbyblue.com/"" target=""_blank"" class=""text-link js-no-transition"" rel=""noopener noreferrer"">United By Blue</a> </em><span> </span></p>
<meta charset=""utf-8"">
<p><span>The lightweight, quick drying wear-it-everywhere raincoat to take you through April showers and beyond. Features a waterproof shell with protective center storm flap, plus zipper chest pocket with handy headphone port. </span></p>
<ul>
<li>Waterproof breathable 2 layer fabric </li>
<li>Microporous coating and DWR finish </li>
<li>Stormflap at center front </li>
<li>Two-way adjustable hood </li>
<li>Single chest pocket with concealed zipper closure and headphone port </li>
<li>Dual side pockets with concealed zipper closure </li>
<li>Drop Tail Hemline with adjustable drawcord </li>
<li>Adjustable Cuffs </li>
</ul>",United By Blue,Jackets,men,true,Color,Charcoal,Size,S,,,"",0,,0,deny,manual,248.00,,true,true,"",https://cdn.shopify.com/s/files/1/0075/9667/1034/products/m-bisonsnapjacket-charcoal1_2000x_efd3aaa5-decc-4f4e-9b86-5a2fa754cbf3.jpg?v=1531476892,1,,false,,,,,,,,,,,,,,,,https://cdn.shopify.com/s/files/1/0075/9667/1034/products/m-bisonsnapjacket-charcoal1_2000x_efd3aaa5-decc-4f4e-9b86-5a2fa754cbf3.jpg?v=1531476892,kg,
mens-bison-snap-jacket,,,,,,,,Charcoal,,M,,,"",0,,0,deny,manual,248.00,,true,true,"",https://cdn.shopify.com/s/files/1/0075/9667/1034/products/m-bisonsnapjacket-charcoal2_2000x_2a68602d-f543-4722-a810-3bcabc547f27.jpg?v=1531476892,2,,,,,,,,,,,,,,,,,,https://cdn.shopify.com/s/files/1/0075/9667/1034/products/m-bisonsnapjacket-charcoal1_2000x_efd3aaa5-decc-4f4e-9b86-5a2fa754cbf3.jpg?v=1531476892,kg,
mens-bison-snap-jacket,,,,,,,,Charcoal,,L,,,"",0,,0,deny,manual,248.00,,true,true,"",https://cdn.shopify.com/s/files/1/0075/9667/1034/products/m-bisonsnapjacket-red_2000x_000afac2-ff24-495d-a7d3-04f43f689a54.jpg?v=1531476892,3,,,,,,,,,,,,,,,,,,https://cdn.shopify.com/s/files/1/0075/9667/1034/products/m-bisonsnapjacket-charcoal1_2000x_efd3aaa5-decc-4f4e-9b86-5a2fa754cbf3.jpg?v=1531476892,kg,
mens-bison-snap-jacket,,,,,,,,Charcoal,,XL,,,"",0,,0,deny,manual,248.00,,true,true,"",https://cdn.shopify.com/s/files/1/0075/9667/1034/products/m-bisonsnapjacket-olive_2000x_5529b2ce-4f68-4c54-9aaa-689a4e66eb74.jpg?v=1531476892,4,,,,,,,,,,,,,,,,,,https://cdn.shopify.com/s/files/1/0075/9667/1034/products/m-bisonsnapjacket-charcoal1_2000x_efd3aaa5-decc-4f4e-9b86-5a2fa754cbf3.jpg?v=1531476892,kg,
mens-bison-snap-jacket,,,,,,,,Red,,S,,,"",0,,1,deny,manual,248.00,,true,true,"",https://cdn.shopify.com/s/files/1/0075/9667/1034/products/snapjacket_olive2_2000x_c15bdcfa-14ca-4175-819a-8d4c8798693e.jpg?v=1531476892,5,,,,,,,,,,,,,,,,,,https://cdn.shopify.com/s/files/1/0075/9667/1034/products/m-bisonsnapjacket-red_2000x_000afac2-ff24-495d-a7d3-04f43f689a54.jpg?v=1531476892,kg,
mens-bison-snap-jacket,,,,,,,,Red,,M,,,"",0,,0,deny,manual,248.00,,true,true,"",https://cdn.shopify.com/s/files/1/0075/9667/1034/products/snapjacket_olive4_2000x_b5219f7d-5aed-4e04-b7df-f6c3bdf94574.jpg?v=1531476892,6,,,,,,,,,,,,,,,,,,https://cdn.shopify.com/s/files/1/0075/9667/1034/products/m-bisonsnapjacket-red_2000x_000afac2-ff24-495d-a7d3-04f43f689a54.jpg?v=1531476892,kg,
mens-bison-snap-jacket,,,,,,,,Red,,L,,,"",0,,0,deny,manual,248.00,,true,true,"",https://cdn.shopify.com/s/files/1/0075/9667/1034/products/snapjacket_olive5_2000x_edb9040a-7fb3-4fa3-9bd8-827ce81c2a4a.jpg?v=1531476892,7,,,,,,,,,,,,,,,,,,https://cdn.shopify.com/s/files/1/0075/9667/1034/products/m-bisonsnapjacket-red_2000x_000afac2-ff24-495d-a7d3-04f43f689a54.jpg?v=1531476892,kg,
mens-bison-snap-jacket,,,,,,,,Red,,XL,,,"",0,,0,deny,manual,248.00,,true,true,"",,,,,,,,,,,,,,,,,,,,https://cdn.shopify.com/s/files/1/0075/9667/1034/products/m-bisonsnapjacket-red_2000x_000afac2-ff24-495d-a7d3-04f43f689a54.jpg?v=1531476892,kg,
mens-bison-snap-jacket,,,,,,,,Olive,,S,,,"",0,,0,deny,manual,248.00,,true,true,"",,,,,,,,,,,,,,,,,,,,https://cdn.shopify.com/s/files/1/0075/9667/1034/products/m-bisonsnapjacket-olive_2000x_5529b2ce-4f68-4c54-9aaa-689a4e66eb74.jpg?v=1531476892,kg,
mens-bison-snap-jacket,,,,,,,,Olive,,M,,,"",0,,0,deny,manual,248.00,,true,true,"",,,,,,,,,,,,,,,,,,,,https://cdn.shopify.com/s/files/1/0075/9667/1034/products/m-bisonsnapjacket-olive_2000x_5529b2ce-4f68-4c54-9aaa-689a4e66eb74.jpg?v=1531476892,kg,
mens-bison-snap-jacket,,,,,,,,Olive,,L,,,"",0,,0,deny,manual,248.00,,true,true,"",,,,,,,,,,,,,,,,,,,,https://cdn.shopify.com/s/files/1/0075/9667/1034/products/m-bisonsnapjacket-olive_2000x_5529b2ce-4f68-4c54-9aaa-689a4e66eb74.jpg?v=1531476892,kg,
mens-bison-snap-jacket,,,,,,,,Olive,,XL,,,"",0,,0,deny,manual,248.00,,true,true,"",,,,,,,,,,,,,,,,,,,,https://cdn.shopify.com/s/files/1/0075/9667/1034/products/m-bisonsnapjacket-olive_2000x_5529b2ce-4f68-4c54-9aaa-689a4e66eb74.jpg?v=1531476892,kg,
mens-albright-rain-shell,Men's Albright Rain Shell,"<meta charset=""utf-8"">
<p><em>This is a demonstration store. You can purchase products like this from <a href=""http://unitedbyblue.com/"" target=""_blank"" class=""text-link js-no-transition"" rel=""noopener noreferrer"">United By Blue</a> </em><span> </span></p>
<meta charset=""utf-8"">
<p><span>The lightweight, quick drying wear-it-everywhere raincoat to take you through April showers and beyond. Features a waterproof shell with protective center storm flap, plus zipper chest pocket with handy headphone port. </span></p>
<ul>
<li>Waterproof breathable 2 layer fabric </li>
<li>Microporous coating and DWR finish </li>
<li>Stormflap at center front </li>
<li>Two-way adjustable hood </li>
<li>Single chest pocket with concealed zipper closure and headphone port </li>
<li>Dual side pockets with concealed zipper closure </li>
<li>Drop Tail Hemline with adjustable drawcord </li>
<li>Adjustable Cuffs </li>
</ul>",United By Blue,Jackets,men,true,Color,Umber,Size,S,,,"",0,,0,deny,manual,128.00,,true,true,"",https://cdn.shopify.com/s/files/1/0075/9667/1034/products/m-albright-umber2_2000x_5bbeaf1d-8570-4156-b7c9-4f87e0386798.jpg?v=1531476489,1,,false,,,,,,,,,,,,,,,,https://cdn.shopify.com/s/files/1/0075/9667/1034/products/m-albright-umber2_2000x_5bbeaf1d-8570-4156-b7c9-4f87e0386798.jpg?v=1531476489,kg,
mens-albright-rain-shell,,,,,,,,Umber,,M,,,"",0,,0,deny,manual,128.00,,true,true,"",https://cdn.shopify.com/s/files/1/0075/9667/1034/products/m-albright-umber3_2000x_25478948-36cf-4a1c-8672-21083ffb3d09.jpg?v=1531476489,2,,,,,,,,,,,,,,,,,,https://cdn.shopify.com/s/files/1/0075/9667/1034/products/m-albright-umber2_2000x_5bbeaf1d-8570-4156-b7c9-4f87e0386798.jpg?v=1531476489,kg,
mens-albright-rain-shell,,,,,,,,Umber,,L,,,"",0,,0,deny,manual,128.00,,true,true,"",https://cdn.shopify.com/s/files/1/0075/9667/1034/products/m-albright-umber4_2000x_772deba7-dedf-4a6f-9527-ec753f242969.jpg?v=1531476489,3,,,,,,,,,,,,,,,,,,https://cdn.shopify.com/s/files/1/0075/9667/1034/products/m-albright-umber2_2000x_5bbeaf1d-8570-4156-b7c9-4f87e0386798.jpg?v=1531476489,kg,
mens-albright-rain-shell,,,,,,,,Umber,,XL,,,"",0,,0,deny,manual,128.00,,true,true,"",https://cdn.shopify.com/s/files/1/0075/9667/1034/products/m-albright-umber5_2000x_13f50e7d-9ad2-49c7-9d66-cd730084fbc4.jpg?v=1531476489,4,,,,,,,,,,,,,,,,,,https://cdn.shopify.com/s/files/1/0075/9667/1034/products/m-albright-umber2_2000x_5bbeaf1d-8570-4156-b7c9-4f87e0386798.jpg?v=1531476489,kg,
mens-albright-rain-shell,,,,,,,,Black,,S,,,"",0,,1,deny,manual,128.00,,true,true,"",https://cdn.shopify.com/s/files/1/0075/9667/1034/products/m-albright-black1_2000x_ee6ded48-4053-48c4-90c6-90996d6fe3b5.jpg?v=1531476489,5,,,,,,,,,,,,,,,,,,https://cdn.shopify.com/s/files/1/0075/9667/1034/products/m-albright-black1_2000x_ee6ded48-4053-48c4-90c6-90996d6fe3b5.jpg?v=1531476489,kg,
mens-albright-rain-shell,,,,,,,,Black,,M,,,"",0,,0,deny,manual,128.00,,true,true,"",https://cdn.shopify.com/s/files/1/0075/9667/1034/products/m-albright-black2_2000x_ed2e9796-a5da-4eff-84a2-9b9139dcbcd3.jpg?v=1531476489,6,,,,,,,,,,,,,,,,,,https://cdn.shopify.com/s/files/1/0075/9667/1034/products/m-albright-black1_2000x_ee6ded48-4053-48c4-90c6-90996d6fe3b5.jpg?v=1531476489,kg,
mens-albright-rain-shell,,,,,,,,Black,,L,,,"",0,,0,deny,manual,128.00,,true,true,"",https://cdn.shopify.com/s/files/1/0075/9667/1034/products/marchcatalog145_print_2000x_0753fa65-9787-4cf2-bf7a-1effd6a45b89.jpg?v=1531476489,7,,,,,,,,,,,,,,,,,,https://cdn.shopify.com/s/files/1/0075/9667/1034/products/m-albright-black1_2000x_ee6ded48-4053-48c4-90c6-90996d6fe3b5.jpg?v=1531476489,kg,
mens-albright-rain-shell,,,,,,,,Black,,XL,,,"",0,,0,deny,manual,128.00,,true,true,"",https://cdn.shopify.com/s/files/1/0075/9667/1034/products/m-albright-black5_2000x_7cf07c8b-e3c1-43d5-8763-80046f3e47a8.jpg?v=1531476489,8,,,,,,,,,,,,,,,,,,https://cdn.shopify.com/s/files/1/0075/9667/1034/products/m-albright-black1_2000x_ee6ded48-4053-48c4-90c6-90996d6fe3b5.jpg?v=1531476489,kg,
mens-albright-rain-shell,,,,,,,,Olive,,S,,,"",0,,0,deny,manual,128.00,,true,true,"",https://cdn.shopify.com/s/files/1/0075/9667/1034/products/m-albright-olive1_2000x_f7d8b4b5-8e04-495d-9811-b483c49cec2b.jpg?v=1531476489,9,,,,,,,,,,,,,,,,,,https://cdn.shopify.com/s/files/1/0075/9667/1034/products/m-albright-olive1_2000x_f7d8b4b5-8e04-495d-9811-b483c49cec2b.jpg?v=1531476489,kg,
mens-albright-rain-shell,,,,,,,,Olive,,M,,,"",0,,0,deny,manual,128.00,,true,true,"",https://cdn.shopify.com/s/files/1/0075/9667/1034/products/m-albright-olive2_2000x_6568e403-5036-4aa8-8d9b-2949762cfc04.jpg?v=1531476489,10,,,,,,,,,,,,,,,,,,https://cdn.shopify.com/s/files/1/0075/9667/1034/products/m-albright-olive1_2000x_f7d8b4b5-8e04-495d-9811-b483c49cec2b.jpg?v=1531476489,kg,
mens-albright-rain-shell,,,,,,,,Olive,,L,,,"",0,,0,deny,manual,128.00,,true,true,"",https://cdn.shopify.com/s/files/1/0075/9667/1034/products/m-albright-olive3_2000x_46b5093b-2f71-4a42-a965-f482f2e0236a.jpg?v=1531476489,11,,,,,,,,,,,,,,,,,,https://cdn.shopify.com/s/files/1/0075/9667/1034/products/m-albright-olive1_2000x_f7d8b4b5-8e04-495d-9811-b483c49cec2b.jpg?v=1531476489,kg,
mens-albright-rain-shell,,,,,,,,Olive,,XL,,,"",0,,0,deny,manual,128.00,,true,true,"",https://cdn.shopify.com/s/files/1/0075/9667/1034/products/m-albright-olive6_2000x_e63f60ec-fe2a-47a9-9a6e-bd4b048caa8c.jpg?v=1531476489,12,,,,,,,,,,,,,,,,,,https://cdn.shopify.com/s/files/1/0075/9667/1034/products/m-albright-olive1_2000x_f7d8b4b5-8e04-495d-9811-b483c49cec2b.jpg?v=1531476489,kg,
mens-albright-rain-shell,,,,,,,,,,,,,,,,,,,,,,,,https://cdn.shopify.com/s/files/1/0075/9667/1034/products/m-albright-olive7_2000x_d7842d2a-0234-4a32-9107-436d242cec36.jpg?v=1531476489,13,,,,,,,,,,,,,,,,,,,,
wenlock-button-down,Wenlock Button Down,"<meta charset=""utf-8"">
<p><em>This is a demonstration store. You can purchase products like this from <a href=""http://unitedbyblue.com/"" target=""_blank"" class=""text-link js-no-transition"" rel=""noopener noreferrer"">United By Blue</a> </em> </p>
<meta charset=""utf-8""><meta charset=""utf-8""><meta charset=""utf-8""><meta charset=""utf-8"">
<p><span>Like your well-worn pair of jeans in short-sleeve button down form. Features an understated plus-sign pattern. </span></p>
<ul>
<li>All-over print </li>
<li>Full button down placket and collar </li>
<li>Front left patch pocket </li>
<li>Natural corozo buttons throughout </li>
<li>Curved hemline </li>
</ul>",United By Blue,Shirts,men,true,Color,Melon,Size,S,,,"",0,,0,deny,manual,68.00,,true,true,"",https://cdn.shopify.com/s/files/1/0075/9667/1034/products/m-wenlock-red4_2000x_d45fbbc7-aa18-4f59-85bd-610e29522710.jpg?v=1531475425,1,,false,,,,,,,,,,,,,,,,https://cdn.shopify.com/s/files/1/0075/9667/1034/products/m-wenlock-red4_2000x_d45fbbc7-aa18-4f59-85bd-610e29522710.jpg?v=1531475425,kg,
wenlock-button-down,,,,,,,,Melon,,M,,,"",0,,0,deny,manual,68.00,,true,true,"",https://cdn.shopify.com/s/files/1/0075/9667/1034/products/m-wenlock-red1_2000x_310977c1-b973-45c5-81e4-4d209fd47dc5.jpg?v=1531475425,2,,,,,,,,,,,,,,,,,,https://cdn.shopify.com/s/files/1/0075/9667/1034/products/m-wenlock-red4_2000x_d45fbbc7-aa18-4f59-85bd-610e29522710.jpg?v=1531475425,kg,
wenlock-button-down,,,,,,,,Melon,,L,,,"",0,,0,deny,manual,68.00,,true,true,"",https://cdn.shopify.com/s/files/1/0075/9667/1034/products/m-wenlock-red2_2000x_43bad453-f7c0-4449-b4b0-07ccbfa7a145.jpg?v=1531475425,3,,,,,,,,,,,,,,,,,,https://cdn.shopify.com/s/files/1/0075/9667/1034/products/m-wenlock-red4_2000x_d45fbbc7-aa18-4f59-85bd-610e29522710.jpg?v=1531475425,kg,
wenlock-button-down,,,,,,,,Melon,,XL,,,"",0,,0,deny,manual,68.00,,true,true,"",https://cdn.shopify.com/s/files/1/0075/9667/1034/products/m-wenlock-red5_2000x_1d685f3f-70d4-4096-a8ba-c242ee301a43.jpg?v=1531475425,4,,,,,,,,,,,,,,,,,,https://cdn.shopify.com/s/files/1/0075/9667/1034/products/m-wenlock-red4_2000x_d45fbbc7-aa18-4f59-85bd-610e29522710.jpg?v=1531475425,kg,
wenlock-button-down,,,,,,,,Light Blue,,S,,,"",0,,0,deny,manual,68.00,,true,true,"",https://cdn.shopify.com/s/files/1/0075/9667/1034/products/m-wenlock-blue26539_2000x_5a2e7184-74cf-44fc-b8f3-158eba60eef5.jpg?v=1531475425,5,,,,,,,,,,,,,,,,,,https://cdn.shopify.com/s/files/1/0075/9667/1034/products/m-wenlock-blue26539_2000x_5a2e7184-74cf-44fc-b8f3-158eba60eef5.jpg?v=1531475425,kg,
wenlock-button-down,,,,,,,,Light Blue,,M,,,"",0,,0,deny,manual,68.00,,true,true,"",https://cdn.shopify.com/s/files/1/0075/9667/1034/products/m-wenlock-blue26545_2000x_62b416d2-e191-4ea3-bc0c-46303f25cd55.jpg?v=1531475425,6,,,,,,,,,,,,,,,,,,https://cdn.shopify.com/s/files/1/0075/9667/1034/products/m-wenlock-blue26539_2000x_5a2e7184-74cf-44fc-b8f3-158eba60eef5.jpg?v=1531475425,kg,
wenlock-button-down,,,,,,,,Light Blue,,L,,,"",0,,0,deny,manual,68.00,,true,true,"",https://cdn.shopify.com/s/files/1/0075/9667/1034/products/m-wenlock-blue26550_2000x_612e6fb8-e518-4ce0-85f3-8e9b9d62a0d8.jpg?v=1531475425,7,,,,,,,,,,,,,,,,,,https://cdn.shopify.com/s/files/1/0075/9667/1034/products/m-wenlock-blue26539_2000x_5a2e7184-74cf-44fc-b8f3-158eba60eef5.jpg?v=1531475425,kg,
wenlock-button-down,,,,,,,,Light Blue,,XL,,,"",0,,0,deny,manual,68.00,,true,true,"",,,,,,,,,,,,,,,,,,,,https://cdn.shopify.com/s/files/1/0075/9667/1034/products/m-wenlock-blue26539_2000x_5a2e7184-74cf-44fc-b8f3-158eba60eef5.jpg?v=1531475425,kg,
mens-tree-angle-pocket-tee,Tree Angle Pocket Tee,"<meta charset=""utf-8"">
<p><em>This is a demonstration store. You can purchase products like this from <a href=""http://unitedbyblue.com/"" target=""_blank"" class=""text-link js-no-transition"" rel=""noopener noreferrer"">United By Blue</a> </em> </p>
<meta charset=""utf-8""><meta charset=""utf-8""><meta charset=""utf-8"">
<p><span>The perfect view from any angle. Equipped with a handy front pocket for foraged finds, sunglasses, snacks, etc. </span></p>
<ul>
<li>Made in USA </li>
<li>Relaxed fit </li>
<li>Ribbed crew neckline </li>
<li>Left chest pocket </li>
<li>Back graphic print </li>
</ul>",United By Blue,T-Shirts,men,true,Color,Limestone,Size,S,,,"",0,shopify,0,deny,manual,38.00,,true,true,"",https://cdn.shopify.com/s/files/1/0075/9667/1034/products/m-treeangle-grey2_2000x_1b5df79b-f833-4b62-9b1c-6031349c3d8d.jpg?v=1531475011,1,,false,,,,,,,,,,,,,,,,https://cdn.shopify.com/s/files/1/0075/9667/1034/products/m-treeangle-grey2_2000x_1b5df79b-f833-4b62-9b1c-6031349c3d8d.jpg?v=1531475011,kg,
mens-tree-angle-pocket-tee,,,,,,,,Limestone,,M,,,"",0,shopify,0,deny,manual,38.00,,true,true,"",https://cdn.shopify.com/s/files/1/0075/9667/1034/products/m-treeangle-grey1_2000x_b1efab63-212a-4511-9902-1a86518dc37c.jpg?v=1531475011,2,,,,,,,,,,,,,,,,,,https://cdn.shopify.com/s/files/1/0075/9667/1034/products/m-treeangle-grey2_2000x_1b5df79b-f833-4b62-9b1c-6031349c3d8d.jpg?v=1531475011,kg,
mens-tree-angle-pocket-tee,,,,,,,,Limestone,,L,,,"",0,shopify,0,deny,manual,38.00,,true,true,"",https://cdn.shopify.com/s/files/1/0075/9667/1034/products/m-treeangle-grey3_2000x_3ce67104-8eca-432d-96b5-d750a0b3ef35.jpg?v=1531475011,3,,,,,,,,,,,,,,,,,,https://cdn.shopify.com/s/files/1/0075/9667/1034/products/m-treeangle-grey2_2000x_1b5df79b-f833-4b62-9b1c-6031349c3d8d.jpg?v=1531475011,kg,
mens-tree-angle-pocket-tee,,,,,,,,Limestone,,XL,,,"",0,shopify,0,deny,manual,38.00,,true,true,"",https://cdn.shopify.com/s/files/1/0075/9667/1034/products/m-treeangle-olive1_2000x_0ef5f771-48be-4519-aee4-8ee648268e5b.jpg?v=1531475011,4,,,,,,,,,,,,,,,,,,https://cdn.shopify.com/s/files/1/0075/9667/1034/products/m-treeangle-grey2_2000x_1b5df79b-f833-4b62-9b1c-6031349c3d8d.jpg?v=1531475011,kg,
mens-tree-angle-pocket-tee,,,,,,,,Light Green,,S,,,"",0,,0,deny,manual,38.00,,true,true,"",https://cdn.shopify.com/s/files/1/0075/9667/1034/products/m-treeangle-olive3_2000x_0f140049-90e1-41fd-abbc-dfd5fa498076.jpg?v=1531475011,5,,,,,,,,,,,,,,,,,,https://cdn.shopify.com/s/files/1/0075/9667/1034/products/m-treeangle-olive1_2000x_0ef5f771-48be-4519-aee4-8ee648268e5b.jpg?v=1531475011,kg,
mens-tree-angle-pocket-tee,,,,,,,,Light Green,,M,,,"",0,,0,deny,manual,38.00,,true,true,"",https://cdn.shopify.com/s/files/1/0075/9667/1034/products/m-treeangle-olive4_2000x_6e00086e-df57-4953-8909-bc764f34f517.jpg?v=1531475011,6,,,,,,,,,,,,,,,,,,https://cdn.shopify.com/s/files/1/0075/9667/1034/products/m-treeangle-olive1_2000x_0ef5f771-48be-4519-aee4-8ee648268e5b.jpg?v=1531475011,kg,
mens-tree-angle-pocket-tee,,,,,,,,Light Green,,L,,,"",0,,0,deny,manual,38.00,,true,true,"",https://cdn.shopify.com/s/files/1/0075/9667/1034/products/marchcatalog39_print_2000x_e62a014e-e7b3-4ff2-9c3b-51e07525ea18.jpg?v=1531475011,7,,,,,,,,,,,,,,,,,,https://cdn.shopify.com/s/files/1/0075/9667/1034/products/m-treeangle-olive1_2000x_0ef5f771-48be-4519-aee4-8ee648268e5b.jpg?v=1531475011,kg,
mens-tree-angle-pocket-tee,,,,,,,,Light Green,,XL,,,"",0,,0,deny,manual,38.00,,true,true,"",,,,,,,,,,,,,,,,,,,,https://cdn.shopify.com/s/files/1/0075/9667/1034/products/m-treeangle-olive1_2000x_0ef5f771-48be-4519-aee4-8ee648268e5b.jpg?v=1531475011,kg,
womens-bison-snap-jacket,Women's Bison Snap Jacket,"<meta charset=""utf-8"">
<p><em>This is a demonstration store. You can purchase products like this from <a href=""http://unitedbyblue.com/"" target=""_blank"" class=""text-link js-no-transition"" rel=""noopener noreferrer"">United By Blue</a> </em> </p>
<meta charset=""utf-8""><meta charset=""utf-8"">
<p><span>Fits like a thick flannel, but don’t be fooled: This jacket is insulated with bison down to keep you incredibly warm. </span></p>
<ul>
<li>Insulated with 100 gsm of B100 <b>™</b> Fill, our own sustainable blend of bison fiber and recycled polyester with temperature regulating, moisture wicking, and antimicrobial properties </li>
<li>Can be worn comfortably in 32-70 degree weather </li>
<li>Quilted, fitted body </li>
<li>Full snap front placket with point shirt collar </li>
<li>Chest flap pockets with snap closure </li>
<li>Side hip pockets </li>
<li>Interior chest and bottom pockets </li>
</ul>",United By Blue,Jackets,women,true,Color,Olive,Size,Xs,,,"",0,,1,deny,manual,248.00,,true,true,"",https://cdn.shopify.com/s/files/1/0075/9667/1034/products/w-bisonsnapjacket-olive_2000x_d33b19b6-3554-4b3f-980b-86e350cc8926.jpg?v=1531474405,1,,false,,,,,,,,,,,,,,,,https://cdn.shopify.com/s/files/1/0075/9667/1034/products/w-bisonsnapjacket-olive_2000x_d33b19b6-3554-4b3f-980b-86e350cc8926.jpg?v=1531474405,kg,
womens-bison-snap-jacket,,,,,,,,Olive,,S,,,"",0,,0,deny,manual,248.00,,true,true,"",https://cdn.shopify.com/s/files/1/0075/9667/1034/products/w-bisonsnapjacket-navy1_2000x_1f7768c8-b5b2-4f7f-8598-6956628397ae.jpg?v=1531474405,2,,,,,,,,,,,,,,,,,,https://cdn.shopify.com/s/files/1/0075/9667/1034/products/w-bisonsnapjacket-olive_2000x_d33b19b6-3554-4b3f-980b-86e350cc8926.jpg?v=1531474405,kg,
womens-bison-snap-jacket,,,,,,,,Olive,,M,,,"",0,,0,deny,manual,248.00,,true,true,"",https://cdn.shopify.com/s/files/1/0075/9667/1034/products/w-bisonsnapjacket-navy2_2000x_b7753e88-9dd3-4380-8f2f-4e576830d555.jpg?v=1531474405,3,,,,,,,,,,,,,,,,,,https://cdn.shopify.com/s/files/1/0075/9667/1034/products/w-bisonsnapjacket-olive_2000x_d33b19b6-3554-4b3f-980b-86e350cc8926.jpg?v=1531474405,kg,
womens-bison-snap-jacket,,,,,,,,Olive,,L,,,"",0,,0,deny,manual,248.00,,true,true,"",,,,,,,,,,,,,,,,,,,,https://cdn.shopify.com/s/files/1/0075/9667/1034/products/w-bisonsnapjacket-olive_2000x_d33b19b6-3554-4b3f-980b-86e350cc8926.jpg?v=1531474405,kg,
womens-bison-snap-jacket,,,,,,,,Olive,,XL,,,"",0,,0,deny,manual,248.00,,true,true,"",,,,,,,,,,,,,,,,,,,,https://cdn.shopify.com/s/files/1/0075/9667/1034/products/w-bisonsnapjacket-olive_2000x_d33b19b6-3554-4b3f-980b-86e350cc8926.jpg?v=1531474405,kg,
womens-bison-snap-jacket,,,,,,,,Navi,,Xs,,,"",0,,0,deny,manual,248.00,,true,true,"",,,,,,,,,,,,,,,,,,,,https://cdn.shopify.com/s/files/1/0075/9667/1034/products/w-bisonsnapjacket-navy1_2000x_1f7768c8-b5b2-4f7f-8598-6956628397ae.jpg?v=1531474405,kg,
womens-bison-snap-jacket,,,,,,,,Navi,,S,,,"",0,,0,deny,manual,248.00,,true,true,"",,,,,,,,,,,,,,,,,,,,https://cdn.shopify.com/s/files/1/0075/9667/1034/products/w-bisonsnapjacket-navy1_2000x_1f7768c8-b5b2-4f7f-8598-6956628397ae.jpg?v=1531474405,kg,
womens-bison-snap-jacket,,,,,,,,Navi,,M,,,"",0,,0,deny,manual,248.00,,true,true,"",,,,,,,,,,,,,,,,,,,,https://cdn.shopify.com/s/files/1/0075/9667/1034/products/w-bisonsnapjacket-navy1_2000x_1f7768c8-b5b2-4f7f-8598-6956628397ae.jpg?v=1531474405,kg,
womens-bison-snap-jacket,,,,,,,,Navi,,L,,,"",0,,0,deny,manual,248.00,,true,true,"",,,,,,,,,,,,,,,,,,,,https://cdn.shopify.com/s/files/1/0075/9667/1034/products/w-bisonsnapjacket-navy1_2000x_1f7768c8-b5b2-4f7f-8598-6956628397ae.jpg?v=1531474405,kg,
womens-bison-snap-jacket,,,,,,,,Navi,,XL,,,"",0,,0,deny,manual,248.00,,true,true,"",,,,,,,,,,,,,,,,,,,,https://cdn.shopify.com/s/files/1/0075/9667/1034/products/w-bisonsnapjacket-navy1_2000x_1f7768c8-b5b2-4f7f-8598-6956628397ae.jpg?v=1531474405,kg,
womens-venture-on-tee,Women's Venture On Tee,"<meta charset=""utf-8"">
<p><em>This is a demonstration store. You can purchase products like this from <a href=""http://unitedbyblue.com/"" target=""_blank"" class=""text-link js-no-transition"" rel=""noopener noreferrer"">United By Blue</a>  </em></p>
<meta charset=""utf-8""><meta charset=""utf-8"">
<p><span>A tee for the adventure-bound. Subtle V-neckline and relaxed silhouette pair perfectly with a camera strap. </span></p>
<ul>
<li>Made in USA </li>
<li>Relaxed fit </li>
<li>Ribbed V-neckline </li>
<li>Shirttail hemline </li>
<li>Pre-shrunk </li>
</ul>",United By Blue,T-Shirts,women,true,Size,S,,,,,"",0,,1,deny,manual,36.00,,true,true,"",https://cdn.shopify.com/s/files/1/0075/9667/1034/products/w-ventureon-oak2_2000x_a5da4ac8-4082-49a2-aeff-d86f8c035e76.jpg?v=1531474106,1,,false,,,,,,,,,,,,,,,,,kg,
womens-venture-on-tee,,,,,,,,M,,,,,"",0,,0,deny,manual,36.00,,true,true,"",https://cdn.shopify.com/s/files/1/0075/9667/1034/products/w-ventureon-oak1_2000x_d34fbe73-9053-4d6d-8005-3e6be24452f3.jpg?v=1531474106,2,,,,,,,,,,,,,,,,,,,kg,
womens-venture-on-tee,,,,,,,,L,,,,,"",0,,0,deny,manual,36.00,,true,true,"",https://cdn.shopify.com/s/files/1/0075/9667/1034/products/w-venture-on-01_2000x_0b92c590-2180-45a6-8b77-2db3bca8b41e.jpg?v=1531474106,3,,,,,,,,,,,,,,,,,,,kg,
womens-venture-on-tee,,,,,,,,XL,,,,,"",0,,0,deny,manual,36.00,,true,true,"",https://cdn.shopify.com/s/files/1/0075/9667/1034/products/w-venture-on-02_2000x_9fe35f7d-7695-468b-8d53-6791176cd06f.jpg?v=1531474106,4,,,,,,,,,,,,,,,,,,,kg,
signs-of-nyc-hoodie,Signs of NYC Hoodie,"<meta charset=""utf-8"">
<p><em>This is a demonstration store. You can purchase products like this from <a href=""http://unitedbyblue.com/"" target=""_blank"" class=""text-link js-no-transition"" rel=""noopener noreferrer"">United By Blue</a>  </em></p>
<meta charset=""utf-8"">
<p><span>A sleep-in-it-soft pullover for the city that never sleeps. Our Signs of NYC Hoodie is made in the USA with a blend of organic cotton, recycled polyester, and rayon. The perfect toss-on-and-go layer for exploring your neighborhood or somewhere well beyond city limits. </span></p>
<ul>
<li>Pullover fleece hoodie </li>
<li>Kangaroo style pockets </li>
<li>Adjustable hood </li>
<li>Center front NYC graphic </li>
<li>Made in USA </li>
</ul>",United By Blue,Hoodies,women,true,Size,S,,,,,"",0,,1,deny,manual,68.00,,true,true,"",https://cdn.shopify.com/s/files/1/0075/9667/1034/products/W-NYCSWEATSHIRT30690_2000x_317d15b2-3b48-44af-9f9e-1a72017cc538.jpg?v=1531473685,1,,false,,,,,,,,,,,,,,,,,kg,
signs-of-nyc-hoodie,,,,,,,,M,,,,,"",0,,0,deny,manual,68.00,,true,true,"",https://cdn.shopify.com/s/files/1/0075/9667/1034/products/W-NYCSWEATSHIRT30712_2000x_8b7b9b24-9083-4323-b70d-6a2bafa42401.jpg?v=1531473687,2,,,,,,,,,,,,,,,,,,,kg,
signs-of-nyc-hoodie,,,,,,,,L,,,,,"",0,,0,deny,manual,68.00,,true,true,"",https://cdn.shopify.com/s/files/1/0075/9667/1034/products/W-NYCSWEATSHIRT30718_2000x_5c7ad6e9-4906-4482-9523-82edc11d8a14.jpg?v=1531473688,3,,,,,,,,,,,,,,,,,,,kg,
signs-of-nyc-hoodie,,,,,,,,XL,,,,,"",0,,0,deny,manual,68.00,,true,true,"",,,,,,,,,,,,,,,,,,,,,kg,
copy-of-glencoe-stripe-tank,Standard Muscle Tank,"<meta charset=""utf-8"">
<p><em>This is a demonstration store. You can purchase products like this from <a href=""http://unitedbyblue.com/"" target=""_blank"" class=""text-link js-no-transition"" rel=""noopener noreferrer"">United By Blue</a> </em></p>
<meta charset=""utf-8"">
<p><span>Like that perfectly lived-in tee you cut into a tank, but tailored enough to tuck into your work pants. 100% organic cotton and shirttail hem transition you effortlessly into after-hours brews or bonfires. </span></p>
<ul>
<li>Made in USA - Relaxed, sleeveless fit </li>
<li>Ribbed neckline </li>
<li>Shirttail hemline </li>
</ul>",United By Blue,T-Shirts,women,true,Color,Charcoal,Size,Xs,,,"",0,,0,deny,manual,28.00,,true,true,"",https://cdn.shopify.com/s/files/1/0075/9667/1034/products/w-standardmuscletank-grey30461_2000x_ec632cc7-18db-4216-b662-dc4a32c89e11.jpg?v=1531473027,1,,false,,,,,,,,,,,,,,,,https://cdn.shopify.com/s/files/1/0075/9667/1034/products/w-standardmuscletank-grey30461_2000x_ec632cc7-18db-4216-b662-dc4a32c89e11.jpg?v=1531473027,kg,
copy-of-glencoe-stripe-tank,,,,,,,,Charcoal,,S,,,"",0,,0,deny,manual,28.00,,true,true,"",https://cdn.shopify.com/s/files/1/0075/9667/1034/products/w-standardmuscletank-grey30467_2000x_9018ab95-0129-41c8-90c2-24d38daa4922.jpg?v=1531473027,2,,,,,,,,,,,,,,,,,,https://cdn.shopify.com/s/files/1/0075/9667/1034/products/w-standardmuscletank-grey30461_2000x_ec632cc7-18db-4216-b662-dc4a32c89e11.jpg?v=1531473027,kg,
copy-of-glencoe-stripe-tank,,,,,,,,Charcoal,,M,,,"",0,,0,deny,manual,28.00,,true,true,"",https://cdn.shopify.com/s/files/1/0075/9667/1034/products/w-standardmuscletank-grey30471_2000x_664aa129-fc0a-4a95-8810-c570276a1ea6.jpg?v=1531473027,3,,,,,,,,,,,,,,,,,,https://cdn.shopify.com/s/files/1/0075/9667/1034/products/w-standardmuscletank-grey30461_2000x_ec632cc7-18db-4216-b662-dc4a32c89e11.jpg?v=1531473027,kg,
copy-of-glencoe-stripe-tank,,,,,,,,Charcoal,,L,,,"",0,,0,deny,manual,28.00,,true,true,"",https://cdn.shopify.com/s/files/1/0075/9667/1034/products/w-standardmuscletank-grey30476_2000x_4426ee04-d720-4cf0-8ce6-fd6785264291.jpg?v=1531473027,4,,,,,,,,,,,,,,,,,,https://cdn.shopify.com/s/files/1/0075/9667/1034/products/w-standardmuscletank-grey30461_2000x_ec632cc7-18db-4216-b662-dc4a32c89e11.jpg?v=1531473027,kg,
copy-of-glencoe-stripe-tank,,,,,,,,Charcoal,,XL,,,"",0,,0,deny,manual,28.00,,true,true,"",https://cdn.shopify.com/s/files/1/0075/9667/1034/products/w-muscletank-white30570_2000x_c28c0de5-4278-4d47-bb04-d862d9187244.jpg?v=1531473027,5,,,,,,,,,,,,,,,,,,https://cdn.shopify.com/s/files/1/0075/9667/1034/products/w-standardmuscletank-grey30461_2000x_ec632cc7-18db-4216-b662-dc4a32c89e11.jpg?v=1531473027,kg,
copy-of-glencoe-stripe-tank,,,,,,,,White,,Xs,,,"",0,,1,deny,manual,28.00,,true,true,"",https://cdn.shopify.com/s/files/1/0075/9667/1034/products/w-muscletank-white30561_2000x_b0929154-9677-4f63-b157-aa63d24b5a60.jpg?v=1531473027,6,,,,,,,,,,,,,,,,,,https://cdn.shopify.com/s/files/1/0075/9667/1034/products/w-muscletank-white30570_2000x_c28c0de5-4278-4d47-bb04-d862d9187244.jpg?v=1531473027,kg,
copy-of-glencoe-stripe-tank,,,,,,,,White,,S,,,"",0,,0,deny,manual,28.00,,true,true,"",,,,,,,,,,,,,,,,,,,,https://cdn.shopify.com/s/files/1/0075/9667/1034/products/w-muscletank-white30570_2000x_c28c0de5-4278-4d47-bb04-d862d9187244.jpg?v=1531473027,kg,
copy-of-glencoe-stripe-tank,,,,,,,,White,,M,,,"",0,,0,deny,manual,28.00,,true,true,"",,,,,,,,,,,,,,,,,,,,https://cdn.shopify.com/s/files/1/0075/9667/1034/products/w-muscletank-white30570_2000x_c28c0de5-4278-4d47-bb04-d862d9187244.jpg?v=1531473027,kg,
copy-of-glencoe-stripe-tank,,,,,,,,White,,L,,,"",0,,0,deny,manual,28.00,,true,true,"",,,,,,,,,,,,,,,,,,,,https://cdn.shopify.com/s/files/1/0075/9667/1034/products/w-muscletank-white30570_2000x_c28c0de5-4278-4d47-bb04-d862d9187244.jpg?v=1531473027,kg,
copy-of-glencoe-stripe-tank,,,,,,,,White,,XL,,,"",0,,0,deny,manual,28.00,,true,true,"",,,,,,,,,,,,,,,,,,,,https://cdn.shopify.com/s/files/1/0075/9667/1034/products/w-muscletank-white30570_2000x_c28c0de5-4278-4d47-bb04-d862d9187244.jpg?v=1531473027,kg,
glencoe-stripe-tank,Glencoe Stripe Tank,"<meta charset=""utf-8"">
<p><em>This is a demonstration store. You can purchase products like this from <a href=""http://unitedbyblue.com/"" target=""_blank"" class=""text-link js-no-transition"" rel=""noopener noreferrer"">United By Blue</a> </em> </p>
<meta charset=""utf-8"">
<p>An elevated take on a classic striped tank in shout-it-from-the-mountains soft cotton, yak, and hemp blend.</p>
<ul>
<li>Crew neckline </li>
<li>A-line swing silhouette </li>
<li>Front raglan shoulder detail </li>
<li>Back keyhole closure </li>
</ul>",United By Blue,T-Shirts,women,true,Color,Cream,Size,Xs,,,"",0,,1,deny,manual,44.00,,true,true,"",https://cdn.shopify.com/s/files/1/0075/9667/1034/products/w-glencoetank-grey1_2000x_97d664b7-222d-4190-8641-81cc93d86f6a.jpg?v=1531472417,1,,false,,,,,,,,,,,,,,,,https://cdn.shopify.com/s/files/1/0075/9667/1034/products/w-glencoetank-grey1_2000x_97d664b7-222d-4190-8641-81cc93d86f6a.jpg?v=1531472417,kg,
glencoe-stripe-tank,,,,,,,,Cream,,S,,,"",0,,0,deny,manual,44.00,,true,true,"",https://cdn.shopify.com/s/files/1/0075/9667/1034/products/w-glencoetank-grey2_2000x_6ccd9693-bdea-438f-813a-1018e406a6ec.jpg?v=1531472418,2,,,,,,,,,,,,,,,,,,https://cdn.shopify.com/s/files/1/0075/9667/1034/products/w-glencoetank-grey1_2000x_97d664b7-222d-4190-8641-81cc93d86f6a.jpg?v=1531472417,kg,
glencoe-stripe-tank,,,,,,,,Cream,,M,,,"",0,,0,deny,manual,44.00,,true,true,"",https://cdn.shopify.com/s/files/1/0075/9667/1034/products/w-glencoetank-grey3_2000x_e268064c-b9d0-408f-903a-f5cd61f40ff3.jpg?v=1531472420,3,,,,,,,,,,,,,,,,,,https://cdn.shopify.com/s/files/1/0075/9667/1034/products/w-glencoetank-grey1_2000x_97d664b7-222d-4190-8641-81cc93d86f6a.jpg?v=1531472417,kg,
glencoe-stripe-tank,,,,,,,,Cream,,L,,,"",0,,0,deny,manual,44.00,,true,true,"",https://cdn.shopify.com/s/files/1/0075/9667/1034/products/w-glencoetank-blue1_2000x_661dbb03-71d2-4ff4-95e1-b3f3badff37d.jpg?v=1531472422,4,,,,,,,,,,,,,,,,,,https://cdn.shopify.com/s/files/1/0075/9667/1034/products/w-glencoetank-grey1_2000x_97d664b7-222d-4190-8641-81cc93d86f6a.jpg?v=1531472417,kg,
glencoe-stripe-tank,,,,,,,,Cream,,XL,,,"",0,,0,deny,manual,44.00,,true,true,"",,,,,,,,,,,,,,,,,,,,https://cdn.shopify.com/s/files/1/0075/9667/1034/products/w-glencoetank-grey1_2000x_97d664b7-222d-4190-8641-81cc93d86f6a.jpg?v=1531472417,kg,
glencoe-stripe-tank,,,,,,,,Blueprint,,Xs,,,"",0,,0,deny,manual,44.00,,true,true,"",,,,,,,,,,,,,,,,,,,,https://cdn.shopify.com/s/files/1/0075/9667/1034/products/w-glencoetank-blue1_2000x_661dbb03-71d2-4ff4-95e1-b3f3badff37d.jpg?v=1531472422,kg,
glencoe-stripe-tank,,,,,,,,Blueprint,,S,,,"",0,,0,deny,manual,44.00,,true,true,"",,,,,,,,,,,,,,,,,,,,https://cdn.shopify.com/s/files/1/0075/9667/1034/products/w-glencoetank-blue1_2000x_661dbb03-71d2-4ff4-95e1-b3f3badff37d.jpg?v=1531472422,kg,
glencoe-stripe-tank,,,,,,,,Blueprint,,M,,,"",0,,0,deny,manual,44.00,,true,true,"",,,,,,,,,,,,,,,,,,,,https://cdn.shopify.com/s/files/1/0075/9667/1034/products/w-glencoetank-blue1_2000x_661dbb03-71d2-4ff4-95e1-b3f3badff37d.jpg?v=1531472422,kg,
glencoe-stripe-tank,,,,,,,,Blueprint,,L,,,"",0,,0,deny,manual,44.00,,true,true,"",,,,,,,,,,,,,,,,,,,,https://cdn.shopify.com/s/files/1/0075/9667/1034/products/w-glencoetank-blue1_2000x_661dbb03-71d2-4ff4-95e1-b3f3badff37d.jpg?v=1531472422,kg,
glencoe-stripe-tank,,,,,,,,Blueprint,,XL,,,"",0,,0,deny,manual,44.00,,true,true,"",,,,,,,,,,,,,,,,,,,,https://cdn.shopify.com/s/files/1/0075/9667/1034/products/w-glencoetank-blue1_2000x_661dbb03-71d2-4ff4-95e1-b3f3badff37d.jpg?v=1531472422,kg,
ridley-swing-dress,Ridley Swing Dress,"<meta charset=""utf-8"">
<p><em>This is a demonstration store. You can purchase products like this from <a href=""http://unitedbyblue.com/"" target=""_blank"" class=""text-link js-no-transition"" rel=""noopener noreferrer"">United By Blue</a> </em></p>
<meta charset=""utf-8"">
<p>One of those easy summer dresses you reach for at least once a week. </p>
<ul>
<li>Swing silhouette </li>
<li>Short capped sleeve with scoop neckline </li>
<li>Side seam inset pockets below waist </li>
<li>Straight hemline </li>
<li>Slip-on design </li>
</ul>",United By Blue,Dresses,women,true,Color,Olive,,,,,"",0,,1,deny,manual,78.00,,true,true,"",https://cdn.shopify.com/s/files/1/0075/9667/1034/products/w-ridleyswing-olive1_2000x_d82ebba2-9ef8-4648-8002-965019d949ab.jpg?v=1531471351,1,,false,,,,,,,,,,,,,,,,https://cdn.shopify.com/s/files/1/0075/9667/1034/products/w-ridleyswing-olive1_2000x_d82ebba2-9ef8-4648-8002-965019d949ab.jpg?v=1531471351,kg,
ridley-swing-dress,,,,,,,,Navi,,,,,"",0,,0,deny,manual,78.00,,true,true,"",https://cdn.shopify.com/s/files/1/0075/9667/1034/products/w-ridleyswing-olive2_2000x_bee3c862-aee0-4a49-9b2c-16993be4d588.jpg?v=1531471351,2,,,,,,,,,,,,,,,,,,https://cdn.shopify.com/s/files/1/0075/9667/1034/products/w-ridleyswing-navy3_2000x_66230b24-2af2-4f00-94e0-e45686da7449.jpg?v=1531471351,kg,
ridley-swing-dress,,,,,,,,,,,,,,,,,,,,,,,,https://cdn.shopify.com/s/files/1/0075/9667/1034/products/w-ridleyswing-olive3_2000x_1c51682b-c3ab-46af-b864-462e41343228.jpg?v=1531471351,3,,,,,,,,,,,,,,,,,,,,
ridley-swing-dress,,,,,,,,,,,,,,,,,,,,,,,,https://cdn.shopify.com/s/files/1/0075/9667/1034/products/w-ridleyswing-navy3_2000x_66230b24-2af2-4f00-94e0-e45686da7449.jpg?v=1531471351,4,,,,,,,,,,,,,,,,,,,,
ridley-swing-dress,,,,,,,,,,,,,,,,,,,,,,,,https://cdn.shopify.com/s/files/1/0075/9667/1034/products/w-ridleyswing-navy7_2000x_a150ed1b-7b22-4451-9651-62f46ec1e57f.jpg?v=1531471351,5,,,,,,,,,,,,,,,,,,,,
ridley-swing-dress,,,,,,,,,,,,,,,,,,,,,,,,https://cdn.shopify.com/s/files/1/0075/9667/1034/products/w-ridleyswing-navy8_2000x_4e12f07f-9bd5-45a1-a73c-3e5785eb6082.jpg?v=1531471351,6,,,,,,,,,,,,,,,,,,,,
