Handle,Title,Body (HTML),Vendor,Type,Tags,Published,Option1 Name,Option1 Value,Option2 Name,Option2 Value,Option3 Name,Option3 Value,Variant SKU,Variant Grams,Variant Inventory Tracker,Variant Inventory Qty,Variant Inventory Policy,Variant Fulfillment Service,Variant Price,Variant Compare At Price,Variant Requires Shipping,Variant Taxable,Variant Barcode,Image Src,Image Position,Image Alt Text,Gift Card,SEO Title,SEO Description,Google Shopping / Google Product Category,Google Shopping / Gender,Google Shopping / Age Group,Google Shopping / MPN,Google Shopping / AdWords Grouping,Google Shopping / AdWords Labels,Google Shopping / Condition,Google Shopping / Custom Product,Google Shopping / Custom Label 0,Google Shopping / Custom Label 1,Google Shopping / Custom Label 2,Google Shopping / Custom Label 3,Google Shopping / Custom Label 4,Variant Image,Variant Weight Unit,Variant Tax Code,Cost per item
kanken,KÅNKEN,"<p><span>Classic backpack in hard-wearing Vinylon fabric with a zip that opens the entire main compartment. Removable seat cushion, small front pocket, simple shoulder straps and handles at the top.</span></p>
<ul class=""features--features"">
<li>Popular backpack in hardwearing Vinylon F fabric.</li>
<li>Carried as a backpack or a bag via convertible straps.</li>
<li>Removable seat pad, reflector in logo and pockets.</li>
<li>Name and address label on inside of pack.</li>
</ul>
<p><em>This is a demonstration store. You can purchase this product at <a href=""https://www.fjallraven.com"" target=""_blank"" title=""Fjällräven"" rel=""noopener noreferrer"">Fjällräven</a>.</em></p>",Fjällräven,Backpack,"",true,Color,Yellow,,,,,FJ-KA-1,300,,0,deny,manual,99.99,,true,true,"",https://cdn.shopify.com/s/files/1/0262/3104/6228/products/yellow1.jpg?v=1563288400,1,,false,,,,,,,,,,,,,,,,https://cdn.shopify.com/s/files/1/0262/3104/6228/products/yellow1.jpg?v=1563288400,kg,,
kanken,,,,,,,,Black,,,,,FJ-KA-2,300,,0,deny,manual,99.99,,true,true,"",https://cdn.shopify.com/s/files/1/0262/3104/6228/products/yellow2.jpg?v=1563288400,2,,,,,,,,,,,,,,,,,,https://cdn.shopify.com/s/files/1/0262/3104/6228/products/black1.jpg?v=1563288400,kg,,
kanken,,,,,,,,Red,,,,,FJ-KA-3,300,,0,deny,manual,99.99,,true,true,"",https://cdn.shopify.com/s/files/1/0262/3104/6228/products/black1.jpg?v=1563288400,3,,,,,,,,,,,,,,,,,,https://cdn.shopify.com/s/files/1/0262/3104/6228/products/red.jpg?v=1563288400,kg,,
kanken,,,,,,,,Blue,,,,,FJ-KA-4,300,,0,deny,manual,99.99,,true,true,"",https://cdn.shopify.com/s/files/1/0262/3104/6228/products/black2.jpg?v=1563288400,4,,,,,,,,,,,,,,,,,,https://cdn.shopify.com/s/files/1/0262/3104/6228/products/blue.jpg?v=1563288400,kg,,
kanken,,,,,,,,Frost Green,,,,,FJ-KA-5,300,,0,deny,manual,99.99,,true,true,"",https://cdn.shopify.com/s/files/1/0262/3104/6228/products/red.jpg?v=1563288400,5,,,,,,,,,,,,,,,,,,https://cdn.shopify.com/s/files/1/0262/3104/6228/products/1.jpg?v=1563288400,kg,,
kanken,,,,,,,,,,,,,,,,,,,,,,,,https://cdn.shopify.com/s/files/1/0262/3104/6228/products/blue.jpg?v=1563288400,6,,,,,,,,,,,,,,,,,,,,,
kanken,,,,,,,,,,,,,,,,,,,,,,,,https://cdn.shopify.com/s/files/1/0262/3104/6228/products/1.jpg?v=1563288400,7,,,,,,,,,,,,,,,,,,,,,
