Handle,Title,Body (HTML),Vendor,Type,Tags,Published,Option1 Name,Option1 Value,Option2 Name,Option2 Value,Option3 Name,Option3 Value,Variant SKU,Variant Grams,Variant Inventory Tracker,Variant Inventory Qty,Variant Inventory Policy,Variant Fulfillment Service,Variant Price,Variant Compare At Price,Variant Requires Shipping,Variant Taxable,Variant Barcode,Image Src,Image Position,Image Alt Text,Gift Card,SEO Title,SEO Description,Google Shopping / Google Product Category,Google Shopping / Gender,Google Shopping / Age Group,Google Shopping / MPN,Google Shopping / AdWords Grouping,Google Shopping / AdWords Labels,Google Shopping / Condition,Google Shopping / Custom Product,Google Shopping / Custom Label 0,Google Shopping / Custom Label 1,Google Shopping / Custom Label 2,Google Shopping / Custom Label 3,Google Shopping / Custom Label 4,Variant Image,Variant Weight Unit,Variant Tax Code,Cost per item
hinoki-tissue-box,Hinoki Tissue Box,"<p class=""p1"">Kiso Hinoki is considered to be the highest quality Hinoki, and it is especially suitable for bathroom and household goods because of its even grain and anti-bacterial properties.</p>
<p class=""p1""><em>This is a demonstration store. You can purchase this product at <a href=""https://good-liver.com/"" target=""_blank"" title=""Good Liver"" rel=""noopener noreferrer"">Good Liver</a>.</em></p>",Good Liver,Tissue Box,"box, home, tissue",true,Title,Default Title,,,,,"",200,,0,deny,manual,114.00,,true,true,"",https://cdn.shopify.com/s/files/1/0101/4795/4751/products/1200_1_1200x_5f1c82b7-13df-40ac-85f6-b14e6a50f406.jpg?v=1564066941,1,,false,,,,,,,,,,,,,,,,,kg,,
hinoki-tissue-box,,,,,,,,,,,,,,,,,,,,,,,,https://cdn.shopify.com/s/files/1/0101/4795/4751/products/1200_2_1200x_58fc643f-708b-43f9-a816-08ecf2b72719.jpg?v=1564066943,2,,,,,,,,,,,,,,,,,,,,,
hinoki-tissue-box,,,,,,,,,,,,,,,,,,,,,,,,https://cdn.shopify.com/s/files/1/0101/4795/4751/products/1200_3_1200x_e6fabcc8-79da-4f77-ae11-e56d0941ae0f.jpg?v=1564066945,3,,,,,,,,,,,,,,,,,,,,,
sport-fountain-pen,Sport Fountain Pen,"<p><span>Since 1883, Kaweco has been making geometric fountain pens mechanical pencils, rollerballs, and ballpoint pens in Nuremburg, Germany. Their Classic line 'Sport' was created in the 1930’s for the ladies, officers, soldiers and sportsmen with the goal of having a pen that could be carried easily without a dress pocket.</span></p>
<p><span>These chunky hexagonal pens are still the main part of their product range today. Comes with medium nib and one ink cartridge. Clip not included.</span></p>
<p><span> <em>This is a demonstration store. You can purchase this product at <a href=""https://good-liver.com/"" target=""_blank"" title=""Good Liver"" rel=""noopener noreferrer"">Good Liver</a>.</em></span></p>",Good Liver,Pen,"desk, home, pen",true,Title,Default Title,,,,,"",45,,0,deny,manual,30.00,,true,true,"",https://cdn.shopify.com/s/files/1/0101/4795/4751/products/1200_2_1200x_4e700b9d-445a-46ab-bc71-1b41e29e28fa.jpg?v=1564066840,1,,false,,,,,,,,,,,,,,,,,kg,,
sport-fountain-pen,,,,,,,,,,,,,,,,,,,,,,,,https://cdn.shopify.com/s/files/1/0101/4795/4751/products/1200_1_1200x_e9cea3a1-900c-4252-a5ec-d7295772183f.jpg?v=1564066841,2,,,,,,,,,,,,,,,,,,,,,
sport-fountain-pen,,,,,,,,,,,,,,,,,,,,,,,,https://cdn.shopify.com/s/files/1/0101/4795/4751/products/1200_4_1200x_62a11ee6-cc5e-49b3-a653-da0cb5678a0f.jpg?v=1564066843,3,,,,,,,,,,,,,,,,,,,,,
365-days-notebook,365 Days Notebook,"<p>This is an open dated A6 scheduler that is minimally designed yet features dates and time on gridded pages. This planner comes with 368 pages and is made in Japan.</p>
<p><em>This is a demonstration store. You can purchase this product at <a href=""https://good-liver.com/"" target=""_blank"" title=""Good Liver"" rel=""noopener noreferrer"">Good Liver</a>.</em></p>",Good Liver,Notebook,"desk, home, notebook",true,Title,Default Title,,,,,"",115,,0,deny,manual,20.00,,true,true,"",https://cdn.shopify.com/s/files/1/0101/4795/4751/products/Q4A2044_1200_1200x_81460b8c-7e31-4f5f-bff8-dbefbba66abe.jpg?v=1564066700,1,,false,,,,,,,,,,,,,,,,,kg,,
365-days-notebook,,,,,,,,,,,,,,,,,,,,,,,,https://cdn.shopify.com/s/files/1/0101/4795/4751/products/Q4A2046_1200_1200x_0269fdbb-8a30-449c-9aa5-589e90e257f2.jpg?v=1564066701,2,,,,,,,,,,,,,,,,,,,,,
365-days-notebook,,,,,,,,,,,,,,,,,,,,,,,,https://cdn.shopify.com/s/files/1/0101/4795/4751/products/Q4A2047_1200_1200x_2f0e6614-c71f-452a-b2b2-7966569ebd0c.jpg?v=1564066703,3,,,,,,,,,,,,,,,,,,,,,
hand-held-hoe,Hand Held Hoe,"<p><span>Established in the late 1800s, Joseph Bentley has been giving British gardeners the tools to grow for well over a century. Proud of its heritage, the Joseph Bentley name has come to mean quality and trust amongst gardeners old and new. The company dates back to 1895, when the eponymous chemist and garden hobbyist first became known for his innovative garden compounds.</span></p>
<p><span>Joseph Bentley’s chemicals and accessories were revered in the industry, with the company earning the Royal Warrant for their compounds in the mid-20th century. Every Joseph Bentley tool is made from polished stainless steel, set on a carefully finished handle of ash or oak wood.</span></p>
<p><span> <em>This is a demonstration store. You can purchase this product at <a href=""https://good-liver.com/"" target=""_blank"" title=""Good Liver"" rel=""noopener noreferrer"">Good Liver</a>.</em></span></p>",Good Liver,Hoe,"garden, hoe",true,Title,Default Title,,,,,"",100,,0,deny,manual,16.00,,true,true,"",https://cdn.shopify.com/s/files/1/0101/4795/4751/products/0152_1200x_26d503d6-cac1-4759-8381-02872dbf8a45.jpg?v=1564066531,1,,false,,,,,,,,,,,,,,,,,kg,,
hand-held-hoe,,,,,,,,,,,,,,,,,,,,,,,,https://cdn.shopify.com/s/files/1/0101/4795/4751/products/0250_1200x_569cc718-8959-4900-970f-6c9a032b851c.jpg?v=1564066532,2,,,,,,,,,,,,,,,,,,,,,
hand-trowel,Hand Trowel,"<p><span>Established in the late 1800s, Joseph Bentley has been giving British gardeners the tools to grow for well over a century. Proud of its heritage, the Joseph Bentley name has come to mean quality and trust amongst gardeners old and new. The company dates back to 1895, when the eponymous chemist and garden hobbyist first became known for his innovative garden compounds.</span></p>
<p><span>Joseph Bentley’s chemicals and accessories were revered in the industry, with the company earning the Royal Warrant for their compounds in the mid-20th century. Every Joseph Bentley tool is made from polished stainless steel, set on a carefully finished handle of ash or oak wood.</span></p>
<p><span> <em>This is a demonstration store. You can purchase this product at <a href=""https://good-liver.com/"" target=""_blank"" title=""Good Liver"" rel=""noopener noreferrer"">Good Liver</a>.</em></span></p>",Good Liver,Trowel,"garden, shovel, trowel",true,Title,Default Title,,,,,"",45,,0,deny,manual,9.00,16.00,true,true,"",https://cdn.shopify.com/s/files/1/0101/4795/4751/products/0154_1200x_c0b392d8-99bc-474b-9626-71f8eb3c1907.jpg?v=1564066403,1,,false,,,,,,,,,,,,,,,,,kg,,
hand-trowel,,,,,,,,,,,,,,,,,,,,,,,,https://cdn.shopify.com/s/files/1/0101/4795/4751/products/0252_1200x_4853aa23-8cde-4d00-b809-ffddb26e2f8a.jpg?v=1564066404,2,,,,,,,,,,,,,,,,,,,,,
hedge-shears,Hedge Shears,"<p><span>Established in the late 1800s, Joseph Bentley has been giving British gardeners the tools to grow for well over a century. Proud of its heritage, the Joseph Bentley name has come to mean quality and trust amongst gardeners old and new. The company dates back to 1895, when the eponymous chemist and garden hobbyist first became known for his innovative garden compounds.</span></p>
<p><span>Joseph Bentley’s chemicals and accessories were revered in the industry, with the company earning the Royal Warrant for their compounds in the mid-20th century. Every Joseph Bentley tool is made from polished stainless steel, set on a carefully finished handle of ash or oak wood.</span></p>
<p><span> <em>This is a demonstration store. You can purchase this product at <a href=""https://good-liver.com/"" target=""_blank"" title=""Good Liver"" rel=""noopener noreferrer"">Good Liver</a>.</em></span></p>",Good Liver,Shears,"garden, hedge, shears",true,Title,Default Title,,,,,"",90,,0,deny,manual,42.00,,true,true,"",https://cdn.shopify.com/s/files/1/0101/4795/4751/products/0153_1200x_3cd9e1ef-9b91-44b8-9c8e-a4ba55ef5d1a.jpg?v=1564066240,1,,false,,,,,,,,,,,,,,,,,kg,,
hedge-shears,,,,,,,,,,,,,,,,,,,,,,,,https://cdn.shopify.com/s/files/1/0101/4795/4751/products/0340_1200x_d898ad9c-e35b-4504-b912-cf424f9e45e7.jpg?v=1564066240,2,,,,,,,,,,,,,,,,,,,,,
hedge-shears,,,,,,,,,,,,,,,,,,,,,,,,https://cdn.shopify.com/s/files/1/0101/4795/4751/products/0251_1200x_a7d75ced-38d8-4927-bdca-b6b49690c89a.jpg?v=1564066241,3,,,,,,,,,,,,,,,,,,,,,
body-brush,Body Brush,"<p><span>In Sweden, there is a tradition of visually impaired craftsmen finding work in the manufacture of brushes. This continues today in the form of Iris Hantverk, which not only employs over 30 such individuals but also produces some of the worlds most beautiful and high quality brushes. </span></p>
<p><em>This is a demonstration store. You can purchase this product at <a href=""https://good-liver.com/"" target=""_blank"" title=""Good Liver"" rel=""noopener noreferrer"">Good Liver</a>.</em></p>",Good Liver,Body Brush,"bathroom, body brush, wash",true,Title,Default Title,,,,,"",175,,0,deny,manual,27.00,,true,true,"",https://cdn.shopify.com/s/files/1/0101/4795/4751/products/0149_1200x_6c479b48-33c1-42fa-89af-ab807d1b8e3f.jpg?v=1564066099,1,,false,,,,,,,,,,,,,,,,,kg,,
body-brush,,,,,,,,,,,,,,,,,,,,,,,,https://cdn.shopify.com/s/files/1/0101/4795/4751/products/0346_1200x_71b27e02-a18b-43b0-8764-c1515c2beb40.jpg?v=1564066100,2,,,,,,,,,,,,,,,,,,,,,
body-brush,,,,,,,,,,,,,,,,,,,,,,,,https://cdn.shopify.com/s/files/1/0101/4795/4751/products/0425_1200x_c9cc247c-9df5-492a-86a5-e9ab8ab1c724.jpg?v=1564066101,3,,,,,,,,,,,,,,,,,,,,,
body-brush,,,,,,,,,,,,,,,,,,,,,,,,https://cdn.shopify.com/s/files/1/0101/4795/4751/products/0249_1200x_6f0f5a4f-b215-4ea2-9b5b-9f047a96e973.jpg?v=1564066101,4,,,,,,,,,,,,,,,,,,,,,
shaving-brush,Shaving Brush,"<p><span>Mühle of Stützengrün, Germany was founded in 1945 in the former DDR Mühle first found renown as a maker of high quality badger-hair brushes but in more recent years have expanded into the manufacture of a wider range of shaving accessories with the same commitment to quality of material and construction.</span></p>
<p><span>Natural hair, the finest material for handcrafted brushes, is used to make durable, high-quality, unique pieces with outstanding performance qualities. Its special features are the shimmering silver colour and a black band running through the hair.</span></p>
<p><em>This is a demonstration store. You can purchase this product at <a href=""https://good-liver.com/"" target=""_blank"" title=""Good Liver"" rel=""noopener noreferrer"">Good Liver</a>.</em></p>",Good Liver,Shaving Brush,"bathroom, brush, shaving",true,Title,Default Title,,,,,"",300,,0,deny,manual,187.00,,true,true,"",https://cdn.shopify.com/s/files/1/0101/4795/4751/products/0221_1200x_b56df46a-fca6-4250-b0eb-c562a9991753.jpg?v=1564065951,1,,false,,,,,,,,,,,,,,,,,kg,,
shaving-brush,,,,,,,,,,,,,,,,,,,,,,,,https://cdn.shopify.com/s/files/1/0101/4795/4751/products/0123_1200x_da641081-da84-4bc9-97c3-2fc264c5aa02.jpg?v=1564065953,2,,,,,,,,,,,,,,,,,,,,,
dustpan-and-broom,Dustpan and Broom,"<p>A sophisticated artisanal set, this dustpan and broom unite elegant simplicity with uncompromising function. The desktop dustpan is made from fragrant cedar wood from the Akita prefecture.</p>
<p>It is carefully crafted using a traditional wood joinery technique called Edo Sashimono. It relies primarily on mortise and tenon joints instead of nails or glue, which produces a beautiful, clean wood surface. The broom is made out of tampico fibers, which are delicate and long-lasting.</p>
<p><em>This is a demonstration store. You can purchase this product at <a href=""https://good-liver.com/"" target=""_blank"" title=""Good Liver"" rel=""noopener noreferrer"">Good Liver</a>.</em></p>",Good Liver,Broom,"broom, dustpan, garden, home",true,Title,Default Title,,,,,"",110,,0,deny,manual,99.00,144.00,true,true,"",https://cdn.shopify.com/s/files/1/0101/4795/4751/products/0118_1200x_8857f51d-a6a2-499c-9c15-64e1175aca7d.jpg?v=1564065820,1,,false,,,,,,,,,,,,,,,,,kg,,
dustpan-and-broom,,,,,,,,,,,,,,,,,,,,,,,,https://cdn.shopify.com/s/files/1/0101/4795/4751/products/0218_1200x_ed662a47-6d98-43f6-a6c8-37540130189f.jpg?v=1564065821,2,,,,,,,,,,,,,,,,,,,,,
dustpan-and-broom,,,,,,,,,,,,,,,,,,,,,,,,https://cdn.shopify.com/s/files/1/0101/4795/4751/products/0317_1200x_807547fd-9f85-43f9-becb-1c46f0ee45d2.jpg?v=1564065822,3,,,,,,,,,,,,,,,,,,,,,
coffee-spoon,Coffee Spoon,"<p class=""p1"">These urushi are made by the craftsman Tazawa and are especially fine examples of the craft. Tazawa became involved with woods and forests through his college studies, and he later took a job researching the preservation of Japanese forests.</p>
<p class=""p1"">As a result, he has the knowledge and skill to adeptly produce the lacquer, while ensuring that his craft is sustainable and eco-friendly. Each piece features a unique texture, produced by Tazawa’s special technique of combining the lacquer with small amounts of clay and powder.</p>
<p class=""p1""><em>This is a demonstration store. You can purchase this product at <a href=""https://good-liver.com/"" target=""_blank"" title=""Good Liver"" rel=""noopener noreferrer"">Good Liver</a>.</em></p>",Good Liver,Coffee Spoon,"coffee, kitchen, spoon",true,Title,Default Title,,,,,"",100,,0,deny,manual,25.00,58.00,true,true,"",https://cdn.shopify.com/s/files/1/0101/4795/4751/products/1200_1_1200x_fda093fa-7106-48c9-b706-6412f0482142.jpg?v=1564065686,1,,false,,,,,,,,,,,,,,,,,kg,,
coffee-spoon,,,,,,,,,,,,,,,,,,,,,,,,https://cdn.shopify.com/s/files/1/0101/4795/4751/products/1200_2_1200x_4f15ecd8-e7da-45a7-bb29-a7804ad6a5c8.jpg?v=1564065687,2,,,,,,,,,,,,,,,,,,,,,
coffee-spoon,,,,,,,,,,,,,,,,,,,,,,,,https://cdn.shopify.com/s/files/1/0101/4795/4751/products/1200_3_1200x_c6f9628f-1dd1-4318-a9f2-3968c9070c07.jpg?v=1564065688,3,,,,,,,,,,,,,,,,,,,,,
pepper-mill,Pepper Mill,"<p>Peugeot’s innovation began in the 19th Century with a flurry of inventions, including the first Peugeot mill. To this day, Peugeot coffee and pepper mills set the standards for gourmets and great chefs alike. In its continued pursuit of excellence and culinary pleasure, the brand has expanded further into the worlds of spice, wine and whisky.</p>
<p>Since 1950, the lion logo has epitomized Peugeot products -The strength of their teeth, the flexibility of their blades and their fast cutting capacity. With its distinctive heritage and French roots, Peugeot combines the best of design and technology.</p>
<p><em>This is a demonstration store. You can purchase this product at <a href=""https://good-liver.com/"" target=""_blank"" title=""Good Liver"" rel=""noopener noreferrer"">Good Liver</a>.</em></p>",Good Liver,Pepper Mill,"grinder, kitchen, mill",true,Title,Default Title,,,,,"",0,shopify,0,deny,manual,0.00,,true,true,"",https://cdn.shopify.com/s/files/1/0101/4795/4751/products/Q4A0881_1200_2_1200x_d607555c-4567-4af5-85b1-096c7be95e5e.jpg?v=1564065594,1,,false,,,,,,,,,,,,,,,,,kg,,
pepper-mill,,,,,,,,,,,,,,,,,,,,,,,,https://cdn.shopify.com/s/files/1/0101/4795/4751/products/Q4A0882_1200_2_1200x_d22a64aa-0648-4a4e-b5b1-de9b216aebfa.jpg?v=1564065595,2,,,,,,,,,,,,,,,,,,,,,
pepper-mill,,,,,,,,,,,,,,,,,,,,,,,,https://cdn.shopify.com/s/files/1/0101/4795/4751/products/Q4A0884_1200_2_1200x_5b337039-c91f-4e52-bd7e-4b03fdd201d1.jpg?v=1564065597,3,,,,,,,,,,,,,,,,,,,,,
slate-chalkboard,Slate Chalkboard,"<p>This chalk board is made of a natural slate which is sourced in Italy. The feel of the natural material is so much better than a cheap board that is artificially painted over. That means you won’t have the problem with the painting chipping off, and also the chalk will adhere nicely. It takes a lot of skill to produce a perfect board. All materials used in the boards are Italian.</p>
<p><em>This is a demonstration store. You can purchase this product at <a href=""https://good-liver.com/"" target=""_blank"" title=""Good Liver"" rel=""noopener noreferrer"">Good Liver</a>.</em></p>",Good Liver,Chalkboard,"chalkboard, home",true,Title,Default Title,,,,,"",340,,0,deny,manual,36.00,,true,true,"",https://cdn.shopify.com/s/files/1/0101/4795/4751/products/Q4A1891_1200_1200x_b43d5510-a3ef-451d-aaac-69107e2f5b4c.jpg?v=1564065432,1,,false,,,,,,,,,,,,,,,,,kg,,
slate-chalkboard,,,,,,,,,,,,,,,,,,,,,,,,https://cdn.shopify.com/s/files/1/0101/4795/4751/products/Q4A1894_1200_1200x_03a751c4-8a9d-47f4-94f2-85ef15a94022.jpg?v=1564065433,2,,,,,,,,,,,,,,,,,,,,,
slate-chalkboard,,,,,,,,,,,,,,,,,,,,,,,,https://cdn.shopify.com/s/files/1/0101/4795/4751/products/Q4A1896_1200_1200x_4b63f82f-fdff-4efd-82d0-f8adba28c8d8.jpg?v=1564065435,3,,,,,,,,,,,,,,,,,,,,,
shaker-boxes,Shaker Boxes,"<p><span>Now a historic landmark listed on the National Register of Historic Places, the manufacturer of these Shaker boxes has been water powered since the 1850's. Their boxes, and measures are still being produced on the original water powered machinery. Striving for perfection, the manufacturer follows documented Shaker traditions as outlined by historians to create Shaker boxes with native maple, hand bent around wooden shaping molds, and fastened with copper tacks.</span></p>
<p><em>This is a demonstration store. You can purchase this product at <a href=""https://good-liver.com/"" target=""_blank"" title=""Good Liver"" rel=""noopener noreferrer"">Good Liver</a>.</em></p>",Good Liver,Box,"box, home, storage",true,Title,Default Title,,,,,"",100,,0,deny,manual,48.00,,true,true,"",https://cdn.shopify.com/s/files/1/0101/4795/4751/products/01_1200x_716352c4-931c-43e4-9afb-073aedd08247.jpg?v=1564065334,1,,false,,,,,,,,,,,,,,,,,kg,,
shaker-boxes,,,,,,,,,,,,,,,,,,,,,,,,https://cdn.shopify.com/s/files/1/0101/4795/4751/products/02_1200x_72d849d5-4db0-4944-8fcd-f204af8d304e.jpg?v=1564065335,2,,,,,,,,,,,,,,,,,,,,,
shaker-boxes,,,,,,,,,,,,,,,,,,,,,,,,https://cdn.shopify.com/s/files/1/0101/4795/4751/products/04_1200x_b99770ac-99a7-4675-adef-634a91df1c60.jpg?v=1564065336,3,,,,,,,,,,,,,,,,,,,,,
wine-opener,Wine Opener,"<p>The traditional logo symbolizes the flies that were attracted by the cows in the area. The other story, which is more popular among the locals, says that it is actually a bee which was Napoleon’s official seal. These specific openers are official sommelier’s knives used at the World Sommelier Competition.</p>
<p><em>This is a demonstration store. You can purchase this product at <a href=""https://good-liver.com/"" target=""_blank"" title=""Good Liver"" rel=""noopener noreferrer"">Good Liver</a>.</em></p>",Good Liver,Wine Opener,"garden, kitchen, wine",true,Title,Default Title,,,,,"",50,,0,deny,manual,190.00,,true,true,"",https://cdn.shopify.com/s/files/1/0101/4795/4751/products/Q4A9269_1200_1200x_6e1cb613-33e1-4ca0-b0bc-c44843d62776.jpg?v=1564064579,1,,false,,,,,,,,,,,,,,,,,kg,,
wine-opener,,,,,,,,,,,,,,,,,,,,,,,,https://cdn.shopify.com/s/files/1/0101/4795/4751/products/Q4A9270_1200_1200x_a5d68ffb-6a08-46a6-8e57-0828ee2effe2.jpg?v=1564064580,2,,,,,,,,,,,,,,,,,,,,,
wine-opener,,,,,,,,,,,,,,,,,,,,,,,,https://cdn.shopify.com/s/files/1/0101/4795/4751/products/Q4A9279_1200_1200x_4ee62026-b0cd-4551-ab94-b160931cc954.jpg?v=1564064581,3,,,,,,,,,,,,,,,,,,,,,
wine-opener,,,,,,,,,,,,,,,,,,,,,,,,https://cdn.shopify.com/s/files/1/0101/4795/4751/products/Q4A9280_1200_1200x_c412b6ef-6b43-4e35-b593-18ee9bc0fb48.jpg?v=1564064583,4,,,,,,,,,,,,,,,,,,,,,
watering-can,Watering Can,"<p><span>When the founder’s nephew took over the business in the early 1900’s he faced stiff competition from companies imitating their original design. To meet it he perfected the design of the roses, both oval and round, which made it more suitable for watering newly sown seeds, delicate seedlings and small plants. This feature of the cans also remains as important now as it was then.</span></p>
<p><span> <em>This is a demonstration store. You can purchase this product at <a href=""https://good-liver.com/"" target=""_blank"" title=""Good Liver"" rel=""noopener noreferrer"">Good Liver</a>.</em></span></p>",Good Liver,Watering Can,"garden, watering can",true,Title,Default Title,,,,,"",200,,0,deny,manual,162.00,,true,true,"",https://cdn.shopify.com/s/files/1/0101/4795/4751/products/water1_1200x_f064ed94-f185-4aab-a0f3-3a7f93838ba3.jpg?v=1564064374,1,,false,,,,,,,,,,,,,,,,,kg,,
watering-can,,,,,,,,,,,,,,,,,,,,,,,,https://cdn.shopify.com/s/files/1/0101/4795/4751/products/water2_1200x_98ada995-c965-4c81-b20b-1619b8daaa09.jpg?v=1564064375,2,,,,,,,,,,,,,,,,,,,,,
vacuum-food-jar,Vacuum Food Jar,"<p><span>This classic all-steel vacuum bottle was invented by William Stanley Jr. in 1913. Made to last, with a rustproof hammertone finish, this food jar will keep your warm food hot or cold for 15 hours. The food jar has an insulated lid which doubles as a bowl and the wide-mouth opening allows for liquids that are more stew than soup.</span></p>
<p><em>This is a demonstration store. You can purchase this product at <a href=""https://good-liver.com/"" target=""_blank"" title=""Good Liver"" rel=""noopener noreferrer"">Good Liver</a>.</em></p>",Good Liver,Food Jar,"garden, jar, pot",true,Title,Default Title,,,,,"",210,,0,deny,manual,46.00,,true,true,"",https://cdn.shopify.com/s/files/1/0101/4795/4751/products/0146_1200x_681f8aaf-2041-45c2-b632-1e84c5959580.jpg?v=1564064273,1,,false,,,,,,,,,,,,,,,,,kg,,
vacuum-food-jar,,,,,,,,,,,,,,,,,,,,,,,,https://cdn.shopify.com/s/files/1/0101/4795/4751/products/0242_1200x_5ebbfd0a-df0b-467e-9bea-a426759db115.jpg?v=1564064275,2,,,,,,,,,,,,,,,,,,,,,
coffee-grinder,Coffee Grinder,"<p><span>These manual coffee mills are made by a German manufacturer founded in 1867. They are immaculately crafted with durable high carbon steel burrs to provide years of faithful service. For operation, simply pour beans into the top compartment and move the adjustment nut clockwise for a coarser grind, or counterclockwise for a finer grind.</span></p>
<p><span> <em>This is a demonstration store. You can purchase this product at <a href=""https://good-liver.com/"" target=""_blank"" title=""Good Liver"" rel=""noopener noreferrer"">Good Liver</a>.</em></span></p>",Good Liver,Coffee Grinder,"coffee, grinder, kitchen",true,Title,Default Title,,,,,"",220,,0,deny,manual,120.00,,true,true,"",https://cdn.shopify.com/s/files/1/0101/4795/4751/products/0124_1200x_d17aabcd-3294-4b40-a92d-69b971d965ca.jpg?v=1564062939,1,,false,,,,,,,,,,,,,,,,,kg,,
coffee-grinder,,,,,,,,,,,,,,,,,,,,,,,,https://cdn.shopify.com/s/files/1/0101/4795/4751/products/0224_1200x_eedc1ab0-dc29-4b97-a179-1988a24b8397.jpg?v=1564062940,2,,,,,,,,,,,,,,,,,,,,,
coffee-grinder,,,,,,,,,,,,,,,,,,,,,,,,https://cdn.shopify.com/s/files/1/0101/4795/4751/products/0324_1200x_7c1c3ceb-4a56-4532-90c2-ce3647b02f51.jpg?v=1564062941,3,,,,,,,,,,,,,,,,,,,,,
cast-iron-skillet,Cast Iron Skillet,"<p><span>The iron pans are cast in molds and feature integrated handles. </span><span>Although heavier, cast iron distributes heat much more evenly than steel, in fact in tests on cooking utensils it is out performed only by copper. Cast iron bonds with oil in a similar way to carbon steel, forming what amounts to a non-stick coating, one that is improved by heat, rather than caused to peel. <br></span></p>
<p><span> <em>This is a demonstration store. You can purchase this product at <a href=""https://good-liver.com/"" target=""_blank"" title=""Good Liver"" rel=""noopener noreferrer"">Good Liver</a>.</em></span></p>",Good Liver,Skillet,"kitchen, skillet",true,Title,Default Title,,,,,"",550,,0,deny,manual,22.00,,true,true,"",https://cdn.shopify.com/s/files/1/0101/4795/4751/products/0328_1200x_4f9c7b88-c56d-4409-8245-117e7cfe0fcd.jpg?v=1564062799,1,,false,,,,,,,,,,,,,,,,,kg,,
cast-iron-skillet,,,,,,,,,,,,,,,,,,,,,,,,https://cdn.shopify.com/s/files/1/0101/4795/4751/products/0236_1200x_65988a71-36f1-474c-9463-d69692a6c7b1.jpg?v=1564062801,2,,,,,,,,,,,,,,,,,,,,,
cast-iron-skillet,,,,,,,,,,,,,,,,,,,,,,,,https://cdn.shopify.com/s/files/1/0101/4795/4751/products/0421_1200x_cafbc539-f84e-4ccc-975e-6691965fa0ba.jpg?v=1564062802,3,,,,,,,,,,,,,,,,,,,,,
lattice-woven-towel,Lattice Woven Towel,"<p>These are lightweight, lattice-woven towels. Their natural off-white color is accented by a simple stripe in either navy or red, a nautical-inspired design that evokes the charm of a small Japanese coastal town.</p>
<p><em>This is a demonstration store. You can purchase this product at <a href=""https://good-liver.com/"" target=""_blank"" title=""Good Liver"" rel=""noopener noreferrer"">Good Liver</a>.</em></p>",Good Liver,Towel,"bathroom, towel",true,Title,Default Title,,,,,"",150,,0,deny,manual,18.00,,true,true,"",https://cdn.shopify.com/s/files/1/0101/4795/4751/products/1200_1_1200x_50c507b7-e7cb-4c65-b853-3ff61b4fa6b1.jpg?v=1564062527,1,,false,,,,,,,,,,,,,,,,,kg,,
lattice-woven-towel,,,,,,,,,,,,,,,,,,,,,,,,https://cdn.shopify.com/s/files/1/0101/4795/4751/products/1200_2_1200x_07694900-4fa2-4798-a8ff-2778be7b9b17.jpg?v=1564062570,2,,,,,,,,,,,,,,,,,,,,,
lattice-woven-towel,,,,,,,,,,,,,,,,,,,,,,,,https://cdn.shopify.com/s/files/1/0101/4795/4751/products/1200_3_1200x_8613881f-6d15-47d2-b6de-924223852e48.jpg?v=1564062572,3,,,,,,,,,,,,,,,,,,,,,
masterwort-honey-hand-lotion,Masterwort & Honey Hand Lotion,"<p><span>Made in Austria in limited batches using traditional, artisanal techniques. Under the idea of re-collecting plants, herbs, and cultural memories, the ingredients and fundamental substances are selected, harvested and extracted with consideration of organic and natural aspects. Each product is beautifully presented in a glass bottle with a Bakelite cap.</span></p>
<p><span><em>This is a demonstration store. You can purchase this product at <a href=""https://good-liver.com/"" target=""_blank"" title=""Good Liver"" rel=""noopener noreferrer"">Good Liver</a>.</em></span></p>",Good Liver,Lotion,"bathroom, lotion",true,Title,Default Title,,,,,"",100,,0,deny,manual,34.00,,true,true,"",https://cdn.shopify.com/s/files/1/0101/4795/4751/products/Q4A9400_1200_1200x_6fc54703-1653-40c1-8f2a-72e139b7124c.jpg?v=1564055304,1,,false,,,,,,,,,,,,,,,,,kg,,
masterwort-honey-hand-lotion,,,,,,,,,,,,,,,,,,,,,,,,https://cdn.shopify.com/s/files/1/0101/4795/4751/products/Q4A9394_1200_1200x_ec1b43cd-df96-49c0-a3e8-71f090dde9e7.jpg?v=1564063179,2,,,,,,,,,,,,,,,,,,,,,
masterwort-honey-hand-lotion,,,,,,,,,,,,,,,,,,,,,,,,https://cdn.shopify.com/s/files/1/0101/4795/4751/products/Q4A9405_1200_1200x_a1361a11-ec45-4234-bac3-4ca683eaa82a.jpg?v=1564063181,3,,,,,,,,,,,,,,,,,,,,,
pickled-fruit-body-wash,Pickled Fruit Body Wash,"<p><span>Made in Austria in limited batches using traditional, artisanal techniques. Under the idea of re-collecting plants, herbs, and cultural memories, the ingredients and fundamental substances are selected, harvested and extracted with consideration of organic and natural aspects. Each product is beautifully presented in a glass bottle with a Bakelite cap.</span></p>
<p><span> <em>This is a demonstration store. You can purchase this product at <a href=""https://good-liver.com/"" target=""_blank"" title=""Good Liver"" rel=""noopener noreferrer"">Good Liver</a>.</em></span></p>",Good Liver,Body Wash,"bathroom, wash",true,Title,Default Title,,,,,"",250,,0,deny,manual,42.00,,true,true,"",https://cdn.shopify.com/s/files/1/0101/4795/4751/products/Q4A2257_1200_1200x_a17f97c1-0f5f-4213-b9cd-df3d201b6872.jpg?v=1564055158,1,,false,,,,,,,,,,,,,,,,,kg,,
pickled-fruit-body-wash,,,,,,,,,,,,,,,,,,,,,,,,https://cdn.shopify.com/s/files/1/0101/4795/4751/products/Q4A2254_1200_1200x_102ae70f-a62e-4d89-a339-734233bd28b2.jpg?v=1564063141,2,,,,,,,,,,,,,,,,,,,,,
pickled-fruit-body-wash,,,,,,,,,,,,,,,,,,,,,,,,https://cdn.shopify.com/s/files/1/0101/4795/4751/products/Q4A2258_1200_1200x_6a58ac51-2a61-46bb-b58e-6f22a23191d1.jpg?v=1564063153,3,,,,,,,,,,,,,,,,,,,,,
elderflower-body-wash,Elderflower Body Wash,"<p><span>Made in Austria in limited batches using traditional, artisanal techniques. Under the idea of re-collecting plants, herbs, and cultural memories, the ingredients and fundamental substances are selected, harvested and extracted with consideration of organic and natural aspects. Each product is beautifully presented in a glass bottle with a Bakelite cap.</span></p>
<p><span> <em>This is a demonstration store. You can purchase this product at <a href=""https://good-liver.com/"" target=""_blank"" title=""Good Liver"" rel=""noopener noreferrer"">Good Liver</a>.</em></span></p>",Good Liver,Body Wash,"bathroom, wash",true,Title,Default Title,,,,,"",250,,0,deny,manual,42.00,,true,true,"",https://cdn.shopify.com/s/files/1/0101/4795/4751/products/017_1200x_c965a8a9-496f-4193-9b73-6f7da6a2526d.jpg?v=1564046483,1,,false,,,,,,,,,,,,,,,,,kg,,
elderflower-body-wash,,,,,,,,,,,,,,,,,,,,,,,,https://cdn.shopify.com/s/files/1/0101/4795/4751/products/027_1200x_c0bf105b-8d4f-41ba-aa64-612bf17afb3d.jpg?v=1564063101,2,,,,,,,,,,,,,,,,,,,,,
elderflower-body-wash,,,,,,,,,,,,,,,,,,,,,,,,https://cdn.shopify.com/s/files/1/0101/4795/4751/products/037_1200x_14303f2e-e0bf-493f-9483-315a81a946e8.jpg?v=1564063103,3,,,,,,,,,,,,,,,,,,,,,
slim-pot,Slim Pot,"<p>With the economic boom in the late 70's, Japan was seeing more European cultural influence come in. One of the bigger influences was the cafe culture where coffee replaced Japanese tea. With this as a backdrop, the company came out with a stylish coffee pot that had a narrow spout, perfectly designed for drip coffee.</p>
<p><em>This is a demonstration store. You can purchase this product at <a href=""https://good-liver.com/"" target=""_blank"" title=""Good Liver"" rel=""noopener noreferrer"">Good Liver</a>.</em></p>",Good Liver,Pot,"kettle, kitchen, pot",true,Title,Default Title,,,,,"",300,,0,deny,manual,60.00,,true,true,"",https://cdn.shopify.com/s/files/1/0101/4795/4751/products/1200_1_1200x_0f1f0071-4437-4606-9ce0-868aed0f5258.jpg?v=1564046243,1,,false,,,,,,,,,,,,,,,,,kg,,
slim-pot,,,,,,,,,,,,,,,,,,,,,,,,https://cdn.shopify.com/s/files/1/0101/4795/4751/products/1200_2_1200x_de0011da-19b3-41ab-8a35-fe73fad61786.jpg?v=1564063208,2,,,,,,,,,,,,,,,,,,,,,
copper-kettle,Copper Kettle,"<meta charset=""utf-8"">
<p>This kettle is made of copper that has very good heat conductivity and is naturally anti bacterial. It is also known to breaking up chlorine in the water. The surface of the kettle has a wax coating to avoid oxidation during transportation ,before your first use, wash the wax off with mild soap on a non-abrasive sponge.</p>
<p><em>This is a demonstration store. You can purchase this product at <a href=""https://good-liver.com/"" target=""_blank"" title=""Good Liver"" rel=""noopener noreferrer"">Good Liver</a>.</em></p>",Good Liver,Kettle,"kettle, kitchen",true,Title,Default Title,,,,,"",200,,0,deny,manual,305.00,,true,true,"",https://cdn.shopify.com/s/files/1/0101/4795/4751/products/1200_1_1200x_9412c0d8-1156-4bdf-98b2-f8de196b269c.jpg?v=1563963574,1,,false,,,,,,,,,,,,,,,,,kg,,
copper-kettle,,,,,,,,,,,,,,,,,,,,,,,,https://cdn.shopify.com/s/files/1/0101/4795/4751/products/1200_3_1200x_ab5f4076-00a4-4f8b-aec7-a44ee0e3c5b3.jpg?v=1564062972,2,,,,,,,,,,,,,,,,,,,,,
copper-kettle,,,,,,,,,,,,,,,,,,,,,,,,https://cdn.shopify.com/s/files/1/0101/4795/4751/products/1200_4_1200x_f6dd1f5e-f133-4b44-95a2-e9e10deb98c1.jpg?v=1564062975,3,,,,,,,,,,,,,,,,,,,,,
